R00004	C00001|C00009|C00013
R00006	C00011|C00022|C00900
R00009	C00001|C00007|C00027
R00010	C00001|C00031|C01083
R00014	C00011|C00022|C00068|C05125
R00017	C00001|C00027|C00125|C00126
R00021	C00025|C00026|C00064|C00080|C00138|C00139
R00024	C00001|C00011|C00197|C01182
R00026	C00001|C00185|C00221
R00036	C00001|C00430|C00931
R00066	C00255|C04332|C04732
R00068	C00001|C00007|C00072|C05422
R00075	C00019|C00170|C05324
R00076	C00002|C00008|C02307|C02308
R00078	C00001|C00007|C00080|C14818|C14819
R00083	C00001|C00007|C01785|C05309
R00084	C00001|C00014|C00931|C01024
R00086	C00001|C00002|C00008|C00009
R00094	C00003|C00004|C00051|C00080|C00127
R00095	C00003|C00004|C00072|C00080|C01041
R00100	C00003|C00004|C00080|C00996|C00999
R00103	C00001|C00003|C00020|C00455
R00104	C00002|C00003|C00006|C00008
R00111	C00001|C00005|C00006|C00007|C00080|C00327|C00533|C05933
R00115	C00005|C00006|C00051|C00080|C00127
R00122	C00001|C00008|C00009|C00020
R00124	C00002|C00008
R00127	C00002|C00008|C00020
R00130	C00002|C00008|C00010|C00882
R00131	C00001|C00011|C00014|C00086
R00132	C00001|C00011|C01353
R00135	C00001|C00012|C00148
R00137	C00002|C00003|C00013|C00455
R00155	C00001|C00009|C00015|C00105
R00156	C00002|C00008|C00015|C00075
R00157	C00008|C00015|C00020|C00075
R00158	C00002|C00008|C00015|C00105
R00159	C00001|C00009|C00015|C00075
R00162	C00002|C00008|C00017|C00562
R00164	C00001|C00009|C00017|C00562
R00173	C00001|C00009|C00018|C00250
R00174	C00002|C00008|C00018|C00250
R00177	C00001|C00002|C00009|C00013|C00019|C00073
R00178	C00011|C00019|C00080|C01137
R00179	C00019|C00170|C01234
R00181	C00001|C00014|C00020|C00130
R00183	C00001|C00009|C00020|C00212
R00190	C00013|C00020|C00119|C00147
R00192	C00001|C00021|C00155|C00212
R00197	C00022|C00080|C00125|C00126|C00256
R00200	C00002|C00008|C00022|C00074
R00206	C00002|C00009|C00013|C00020|C00022|C00074
R00214	C00003|C00004|C00011|C00022|C00080|C00149
R00216	C00005|C00006|C00011|C00022|C00080|C00149
R00226	C00011|C00022|C06010
R00234	C00010|C00012|C00024|C03011
R00235	C00002|C00010|C00013|C00020|C00024|C00033
R00236	C00010|C00020|C00024|C05993
R00238	C00010|C00024|C00332
R00239	C00002|C00008|C00025|C03287
R00243	C00001|C00003|C00004|C00014|C00025|C00026|C00080
R00248	C00001|C00005|C00006|C00014|C00025|C00026|C00080
R00253	C00002|C00008|C00009|C00014|C00025|C00064
R00257	C00001|C00002|C00003|C00013|C00020|C00025|C00064|C00857
R00258	C00022|C00025|C00026|C00041
R00259	C00010|C00024|C00025|C00624
R00261	C00011|C00025|C00334
R00264	C00001|C00005|C00006|C00026|C00080|C00433
R00267	C00005|C00006|C00011|C00026|C00080|C00311
R00268	C00011|C00026|C05379
R00269	C00001|C00014|C00026|C00940
R00274	C00001|C00027|C00051|C00127
R00275	C00007|C00027|C00080|C00704
R00281	C00003|C00004|C00028|C00030|C00080
R00286	C00001|C00003|C00004|C00029|C00080|C00167
R00289	C00013|C00029|C00075|C00103
R00291	C00029|C00052
R00293	C00001|C00029|C04089
R00299	C00002|C00008|C00031|C00092
R00310	C00032|C00080|C02191|C14818
R00316	C00002|C00013|C00033|C05993
R00317	C00001|C00009|C00033|C00227
R00328	C00001|C00009|C00035|C00144
R00330	C00002|C00008|C00035|C00044
R00332	C00002|C00008|C00035|C00144
R00335	C00001|C00009|C00035|C00044
R00341	C00002|C00008|C00011|C00036|C00074
R00342	C00003|C00004|C00036|C00080|C00149
R00343	C00005|C00006|C00036|C00080|C00149
R00345	C00001|C00009|C00011|C00036|C00074
R00348	C00001|C00014|C00036|C02362
R00351	C00001|C00010|C00024|C00036|C00158
R00352	C00002|C00008|C00009|C00010|C00024|C00036|C00158
R00355	C00025|C00026|C00036|C00049
R00357	C00001|C00007|C00014|C00027|C00036|C00049
R00369	C00022|C00037|C00041|C00048
R00372	C00025|C00026|C00037|C00048
R00375	C00013|C00039|C00131
R00376	C00013|C00039|C00286
R00377	C00013|C00039|C00458
R00378	C00013|C00039|C00459
R00379	C00013|C00039|C00677
R00381	C00002|C00013|C00020|C00039|C02128
R00416	C00013|C00043|C00075|C04501
R00425	C00001|C00013|C00044|C00058|C01304
R00426	C00001|C00013|C00044|C00144
R00428	C00001|C00044|C05922
R00430	C00022|C00035|C00044|C00074
R00432	C00009|C00010|C00035|C00042|C00044|C00091
R00435	C00002|C00013|C00046
R00437	C00008|C00009|C00046
R00438	C00009|C00015|C00046
R00439	C00009|C00035|C00046
R00440	C00009|C00046|C00112
R00441	C00013|C00044|C00046
R00442	C00013|C00046|C00063
R00443	C00013|C00046|C00075
R00451	C00011|C00047|C00680
R00472	C00001|C00010|C00024|C00048|C00149
R00475	C00007|C00027|C00048|C00160
R00480	C00002|C00008|C00049|C03082
R00481	C00007|C00027|C00049|C05840
R00486	C00001|C00014|C00049|C02512
R00489	C00011|C00049|C00099
R00494	C00001|C00025|C00051|C01419
R00497	C00002|C00008|C00009|C00037|C00051|C00669
R00508	C00001|C00009|C00053|C00224
R00509	C00002|C00008|C00053|C00224
R00511	C00001|C00009|C00055|C00475
R00512	C00002|C00008|C00055|C00112
R00513	C00002|C00008|C00055|C00475
R00514	C00001|C00009|C00055|C00112
R00516	C00015|C00055|C00075|C00475
R00517	C00035|C00044|C00055|C00475
R00519	C00003|C00004|C00011|C00058|C00080
R00524	C00001|C00014|C00058|C00488
R00527	C00001|C00051|C00058|C01031
R00529	C00002|C00013|C00059|C00224
R00533	C00001|C00007|C00027|C00059|C00094
R00540	C00001|C00014|C00060|C00726
R00548	C00001|C00009|C00061|C00255
R00549	C00002|C00008|C00061|C00255
R00551	C00001|C00062|C00077|C00086
R00555	C00003|C00153|C00613|C16011
R00557	C00001|C00005|C00006|C00007|C00062|C00080|C00327|C00533
R00558	C00001|C00005|C00006|C00007|C00062|C00080|C05933
R00566	C00011|C00062|C00179
R00569	C00001|C00009|C00063|C00112
R00570	C00002|C00008|C00063|C00112
R00571	C00002|C00008|C00009|C00014|C00063|C00075
R00573	C00001|C00002|C00008|C00009|C00025|C00063|C00064|C00075
R00575	C00001|C00002|C00008|C00009|C00025|C00064|C00169|C00288
R00578	C00001|C00002|C00013|C00020|C00025|C00049|C00064|C00152
R00582	C00001|C00009|C00065|C01005
R00585	C00022|C00041|C00065|C00168
R00586	C00010|C00024|C00065|C00979
R00588	C00037|C00048|C00065|C00168
R00589	C00065|C00740
R00595	C00019|C00021|C04155|C17325
R00600	C00019|C00021|C01977|C04160
R00602	C00001|C00027|C00067|C00132
R00616	C00002|C00008|C00068|C03028
R00619	C00002|C00020|C00068|C00378
R00621	C00011|C00026|C00068|C05381
R00623	C00003|C00004|C00071|C00080|C00226
R00631	C00001|C00003|C00004|C00071|C00080|C00162
R00640	C00072|C00080|C00125|C00126|C01115
R00644	C00001|C00027|C00072|C05422
R00650	C00019|C00021|C00073|C00155
R00654	C00001|C00014|C00073|C00109|C00409
R00658	C00001|C00074|C00631
R00662	C00001|C00013|C00075|C00105
R00667	C00025|C00026|C00077|C01165
R00669	C00001|C00033|C00077|C00437
R00670	C00011|C00077|C00134
R00674	C00001|C00065|C00078|C00463
R00691	C00001|C00011|C00079|C00826
R00694	C00025|C00026|C00079|C00166
R00697	C00014|C00079|C00423
R00698	C00007|C00011|C00079|C02505
R00702	C00013|C00448|C03428
R00703	C00003|C00004|C00022|C00080|C00186
R00705	C00003|C00004|C00010|C00011|C00024|C00080|C00222
R00706	C00005|C00006|C00010|C00011|C00024|C00080|C00222
R00709	C00003|C00004|C00011|C00026|C00080|C00311
R00710	C00001|C00003|C00004|C00033|C00080|C00084
R00711	C00001|C00005|C00006|C00033|C00080|C00084
R00713	C00001|C00003|C00004|C00042|C00080|C00232
R00714	C00001|C00005|C00006|C00042|C00080|C00232
R00716	C00001|C00005|C00006|C00026|C00047|C00080|C00449
R00719	C00001|C00009|C00081|C00104
R00720	C00001|C00013|C00081|C00130
R00722	C00002|C00008|C00081|C00104
R00727	C00009|C00010|C00042|C00081|C00091|C00104
R00733	C00005|C00006|C00011|C00080|C00082|C00826
R00734	C00025|C00026|C00082|C01179
R00736	C00011|C00082|C00483
R00737	C00014|C00082|C00811
R00740	C00005|C00006|C00010|C00080|C00083|C00222
R00742	C00002|C00008|C00009|C00024|C00083|C00288
R00751	C00037|C00084|C00188
R00754	C00003|C00004|C00080|C00084|C00469
R00755	C00068|C00084|C05125
R00762	C00001|C00009|C00085|C00354
R00766	C00015|C00029|C00085|C02591
R00782	C00001|C00014|C00022|C00097|C00283
R00802	C00001|C00089|C00267|C02336
R00805	C00001|C00009|C00089|C02591
R00806	C00015|C00029|C00089|C00095
R00829	C00010|C00024|C00091|C02232
R00842	C00003|C00004|C00080|C00093|C00111
R00847	C00002|C00008|C00093|C00116
R00848	C00016|C00093|C00111|C01352
R00851	C00010|C00040|C00093|C00681
R00855	C00001|C00055|C00093|C00513
R00859	C00001|C00080|C00094|C00138|C00139|C00283
R00867	C00002|C00008|C00095|C05345
R00875	C00003|C00004|C00080|C00095|C00794
R00878	C00095|C00267
R00885	C00013|C00044|C00096|C00636
R00888	C00001|C00096|C01222
R00889	C00096|C02280
R00894	C00002|C00008|C00009|C00025|C00097|C00669
R00896	C00026|C00097|C00302|C00957
R00897	C00033|C00097|C00283|C00979
R00899	C00001|C00037|C00097|C01419
R00904	C00001|C00003|C00004|C00080|C00099|C05665
R00905	C00001|C00011|C00014|C00099|C02642
R00926	C00010|C00020|C00100|C05983
R00927	C00010|C00024|C00100|C03344
R00935	C00003|C00004|C00010|C00011|C00080|C00100|C06002
R00936	C00003|C00004|C00080|C00101|C00415
R00937	C00003|C00004|C00080|C00101|C00504
R00939	C00005|C00006|C00080|C00101|C00415
R00940	C00005|C00006|C00080|C00101|C00504
R00942	C00002|C00008|C00009|C00025|C00101|C09332
R00944	C00001|C00058|C00101|C00234
R00945	C00001|C00037|C00065|C00101|C00143
R00948	C00002|C00013|C00103|C00498
R00955	C00029|C00052|C00103|C00446
R00959	C00103|C00668
R00961	C00001|C00009|C00104|C00130
R00962	C00055|C00081|C00104|C00475
R00963	C00001|C00009|C00105|C00299
R00964	C00002|C00008|C00105|C00299
R00965	C00011|C00105|C01103
R00966	C00013|C00105|C00106|C00119
R00967	C00015|C00075|C00105|C00299
R00968	C00035|C00044|C00105|C00299
R00970	C00081|C00104|C00105|C00299
R00978	C00005|C00006|C00080|C00106|C00429
R00985	C00001|C00014|C00022|C00108|C00251
R00986	C00022|C00025|C00064|C00108|C00251
R00994	C00003|C00004|C00011|C00080|C00109|C06032
R00999	C00001|C00014|C00042|C00109|C01118
R01000	C00003|C00004|C00080|C00109|C05984
R01004	C00001|C00009|C00110|C00621
R01005	C00015|C00029|C00110|C01246
R01009	C00035|C00096|C00110|C03862
R01011	C00002|C00008|C00111|C00184
R01015	C00111|C00118
R01021	C00002|C00008|C00114|C00588
R01028	C00001|C00059|C00114|C00919
R01030	C00001|C00093|C00114|C00670
R01036	C00003|C00004|C00080|C00116|C00577
R01041	C00005|C00006|C00080|C00116|C00577
R01049	C00002|C00020|C00117|C00119
R01051	C00002|C00008|C00117|C00121
R01054	C00001|C00020|C00117|C00301
R01055	C00001|C00106|C00117|C01168
R01056	C00117|C00199
R01057	C00117|C00620
R01058	C00001|C00005|C00006|C00080|C00118|C00197
R01061	C00003|C00004|C00009|C00080|C00118|C00236
R01063	C00005|C00006|C00009|C00080|C00118|C00236
R01067	C00085|C00118|C00231|C00279
R01068	C00111|C00118|C00354
R01070	C00111|C00118|C05378
R01071	C00002|C00013|C00119|C02739
R01072	C00001|C00013|C00025|C00064|C00119|C03090
R01073	C00013|C00108|C00119|C04302
R01078	C00019|C00073|C00080|C00120|C01909|C05198|C05359|C17023
R01080	C00001|C00106|C00121|C00299
R01082	C00001|C00122|C00149
R01083	C00020|C00122|C03794
R01085	C00001|C00022|C00122|C02514
R01086	C00062|C00122|C03406
R01090	C00025|C00026|C00123|C00233
R01092	C00002|C00008|C00124|C00446
R01093	C00003|C00004|C00080|C00124|C01697
R01095	C00005|C00006|C00080|C00124|C01697
R01101	C00001|C00031|C00124|C05402
R01103	C00001|C00089|C00124|C00492
R01104	C00001|C00116|C00124|C05401
R01108	C00051|C00072|C00127|C05422
R01121	C00002|C00008|C00009|C00011|C00129|C01143
R01122	C00013|C00066|C00235|C04432
R01123	C00129|C00235
R01126	C00001|C00009|C00130|C00294
R01130	C00001|C00003|C00004|C00080|C00130|C00655
R01132	C00013|C00119|C00130|C00262
R01135	C00009|C00035|C00044|C00049|C00130|C03794
R01137	C00002|C00008|C00131|C00206
R01138	C00022|C00074|C00131|C00206
R01152	C00001|C00011|C00014|C00134|C00436
R01163	C00001|C00003|C00004|C00080|C00135|C01929
R01175	C00016|C00136|C00877|C01352
R01177	C00010|C00024|C00136|C05269
R01184	C00001|C00007|C00137|C00191
R01185	C00001|C00009|C00137|C01177
R01186	C00001|C00009|C00137|C03546
R01187	C00001|C00009|C00137|C04006
R01194	C00001|C00124|C00137|C01235
R01195	C00005|C00006|C00080|C00138|C00139
R01206	C00001|C00140|C00461
R01209	C00001|C00141|C04039
R01213	C00001|C00010|C00024|C00141|C02504
R01214	C00025|C00026|C00141|C00183
R01221	C00003|C00004|C00011|C00014|C00037|C00080|C00101|C00143
R01224	C00005|C00006|C00080|C00143|C00440
R01226	C00001|C00101|C00141|C00143|C00966
R01227	C00001|C00009|C00144|C00387
R01229	C00013|C00119|C00144|C00242
R01230	C00002|C00013|C00014|C00020|C00144|C00655
R01231	C00001|C00002|C00013|C00020|C00025|C00064|C00144|C00655
R01248	C00003|C00004|C00080|C00148|C03912
R01251	C00005|C00006|C00080|C00148|C03912
R01252	C00007|C00011|C00026|C00042|C00148|C01157
R01253	C00028|C00030|C00148|C03912
R01262	C00051|C00151|C01419|C03740
R01274	C00001|C00010|C00154|C00249
R01278	C00005|C00006|C00080|C00154|C05272
R01279	C00016|C00154|C01352|C05272
R01280	C00002|C00010|C00013|C00020|C00154|C00249
R01281	C00010|C00011|C00065|C00154|C02934
R01285	C00001|C00014|C00022|C00155|C00542
R01286	C00001|C00014|C00022|C00155|C02291
R01288	C00042|C00155|C00283|C01118
R01310	C00001|C00114|C00157|C00416
R01312	C00001|C00157|C00588|C00641
R01315	C00001|C00157|C00162|C04230
R01317	C00001|C00157|C00219|C04230
R01318	C00010|C00040|C00157|C04230
R01324	C00158|C00311
R01325	C00001|C00158|C00417
R01326	C00002|C00008|C00159|C00275
R01329	C00001|C00124|C00159|C05400
R01334	C00001|C00009|C00160|C00988
R01354	C00002|C00013|C00163|C05983
R01360	C00024|C00164|C00356
R01361	C00003|C00004|C00080|C00164|C01089
R01364	C00001|C00122|C00164|C01061
R01372	C00007|C00011|C00166|C05852
R01373	C00001|C00011|C00166|C00254
R01378	C00166|C02763
R01384	C00011|C00167|C00190
R01385	C00167|C00617
R01386	C00011|C00167|C01623
R01388	C00003|C00004|C00080|C00168|C00258
R01397	C00009|C00049|C00169|C00438
R01398	C00009|C00077|C00169|C00327
R01401	C00001|C00147|C00170|C03089
R01409	C00071|C00177|C05712
R01415	C00005|C00006|C00080|C00178|C00906
R01416	C00001|C00014|C00179|C00436
R01421	C00001|C00009|C00180|C06206
R01431	C00005|C00006|C00080|C00181|C00379
R01432	C00181|C00310
R01433	C00001|C00181|C02352
R01451	C00003|C00004|C00080|C00187|C01164
R01456	C00005|C00006|C00080|C00187|C01164
R01457	C00005|C00006|C00080|C00187|C01802
R01462	C00001|C00162|C00187|C02530
R01466	C00001|C00009|C00188|C01102
R01468	C00002|C00008|C00189|C00346
R01470	C00001|C00093|C00189|C01233
R01473	C00190|C00935
R01494	C00001|C00162|C00195|C00319
R01495	C00002|C00008|C00195|C02960
R01496	C00010|C00040|C00195|C00319
R01498	C00001|C00031|C00195|C01190
R01512	C00002|C00008|C00197|C00236
R01513	C00003|C00004|C00080|C00197|C03232
R01514	C00002|C00008|C00197|C00258
R01515	C00001|C00009|C00197|C00236
R01518	C00197|C00631
R01523	C00002|C00008|C00199|C01182
R01528	C00005|C00006|C00011|C00080|C00199|C00345
R01529	C00199|C00231
R01530	C00199|C01112
R01547	C00002|C00008|C00206|C00360
R01548	C00055|C00131|C00206|C00475
R01549	C00105|C00131|C00206|C00299
R01560	C00001|C00014|C00212|C00294
R01569	C00001|C00009|C00214|C00364
R01600	C00002|C00008|C00221|C01172
R01602	C00221|C00267
R01613	C00010|C00011|C00083|C00223|C06561
R01615	C00005|C00006|C00010|C00080|C00223|C05608
R01616	C00002|C00010|C00013|C00020|C00223|C00811
R01624	C00010|C00024|C00229|C03939
R01625	C00010|C00054|C00229|C03688
R01626	C00010|C00083|C00229|C01209
R01639	C00002|C00008|C00231|C00310
R01641	C00117|C00118|C00231|C05382
R01658	C00013|C00129|C00235|C00341
R01663	C00001|C00014|C00239|C00365
R01664	C00001|C00009|C00239|C00881
R01665	C00002|C00008|C00239|C00705
R01667	C00001|C00009|C00239|C00705
R01668	C00001|C00013|C00239|C00458
R01678	C00001|C00124|C00243|C00267
R01682	C00011|C00245|C00506
R01687	C00012|C00245|C03193|C05844
R01698	C00003|C00004|C00080|C00248|C00579
R01699	C00011|C00022|C15972|C16255
R01706	C00001|C00229|C00249|C05764
R01708	C00005|C00006|C00080|C00250|C00314
R01714	C00009|C00251|C01269
R01715	C00251|C00254
R01717	C00251|C00885
R01724	C00013|C00119|C00253|C01185
R01731	C00036|C00049|C00254|C00826
R01736	C00001|C00051|C00256|C03451
R01737	C00002|C00008|C00257|C00345
R01752	C00001|C00003|C00004|C00080|C00258|C00577
R01758	C00003|C00004|C00080|C00259|C00532
R01759	C00005|C00006|C00080|C00259|C00532
R01762	C00001|C00259|C02474
R01767	C00177|C00261|C00561
R01771	C00002|C00008|C00263|C01102
R01773	C00003|C00004|C00080|C00263|C00441
R01775	C00005|C00006|C00080|C00263|C00441
R01778	C00003|C00004|C00080|C00264|C00640
R01786	C00002|C00008|C00267|C00668
R01787	C00005|C00006|C00080|C00267|C00794
R01799	C00013|C00063|C00269|C00416
R01801	C00055|C00093|C00269|C03892
R01802	C00055|C00137|C00269|C01194
R01818	C00275|C00636
R01819	C00275|C05345
R01826	C00001|C00009|C00074|C00279|C04691
R01827	C00118|C00279|C05345|C05382
R01829	C00111|C00279|C00447
R01830	C00118|C00231|C00279|C05345
R01834	C00028|C00030|C00280|C00674
R01845	C00001|C00009|C00447|C05382
R01855	C00001|C00013|C00286|C00362
R01857	C00002|C00008|C00286|C00361
R01858	C00022|C00074|C00286|C00361
R01868	C00295|C00337|C15602|C15603
R01870	C00013|C00119|C00295|C01103
R01878	C00001|C00014|C00299|C00475
R01880	C00105|C00286|C00299|C00361
R01881	C00002|C00008|C00300|C02305
R01887	C00001|C00014|C00302|C05715
R01890	C00013|C00063|C00307|C00588
R01899	C00005|C00006|C00080|C00311|C05379
R01900	C00001|C00311|C00417
R01909	C00002|C00008|C00314|C00627
R01911	C00001|C00009|C00314|C00627
R01914	C00001|C00007|C00027|C00315|C00555|C00986
R01920	C00134|C00170|C00315|C01137
R01926	C00002|C00008|C00319|C06124
R01931	C00094|C00177|C00320|C01755
R01933	C00003|C00004|C00010|C00011|C00080|C00322|C00527
R01940	C00011|C00322|C06157|C15972
R01941	C00005|C00006|C00010|C00080|C00323|C10945
R01942	C00019|C00021|C00323|C00406
R01943	C00002|C00010|C00013|C00020|C00323|C01197
R01945	C00010|C00296|C00323|C00852
R01954	C00002|C00013|C00020|C00049|C00327|C03406
R01961	C00002|C00008|C00329|C00352
R01968	C00001|C00009|C00330|C00362
R01975	C00003|C00004|C00080|C00332|C01144
R01976	C00005|C00006|C00080|C00332|C01144
R01978	C00001|C00010|C00024|C00332|C00356
R01986	C00001|C00005|C00006|C00080|C00334|C00555
R01993	C00001|C00337|C00438
R02003	C00013|C00129|C00341|C00448
R02016	C00005|C00006|C00080|C00342|C00343
R02017	C00001|C00008|C00206|C00342|C00343
R02019	C00001|C00035|C00342|C00343|C00361
R02024	C00001|C00112|C00342|C00343|C00705
R02027	C00001|C00093|C00344|C00641
R02030	C00055|C00269|C00344|C05980
R02035	C00001|C00345|C01236
R02037	C00019|C00021|C00346|C01210
R02038	C00013|C00063|C00346|C00570
R02051	C00001|C00189|C00350|C00416
R02052	C00001|C00346|C00350|C00641
R02053	C00001|C00162|C00350|C04438
R02055	C00011|C00350|C02737
R02057	C00055|C00350|C00570|C00641
R02058	C00010|C00024|C00352|C00357
R02061	C00013|C00129|C00353|C00448
R02063	C00005|C00006|C00080|C00353|C05427
R02065	C00013|C00353|C03427
R02068	C00353|C06089
R02073	C00009|C00013|C05345|C05378
R02080	C00011|C00355|C03758
R02082	C00005|C00006|C00010|C00080|C00356|C00418
R02085	C00001|C00356|C03231
R02088	C00001|C00009|C00360|C00559
R02090	C00002|C00008|C00361|C00362
R02091	C00055|C00286|C00361|C00475
R02092	C00001|C00009|C00363|C00364
R02093	C00002|C00008|C00363|C00459
R02094	C00002|C00008|C00363|C00364
R02095	C00001|C00009|C00363|C00459
R02096	C00055|C00363|C00459|C00475
R02097	C00105|C00299|C00363|C00459
R02098	C00002|C00008|C00365|C01346
R02100	C00001|C00013|C00365|C00460
R02101	C00143|C00364|C00365|C00415
R02106	C00001|C00007|C00027|C00366|C11821
R02108	C00001|C00369|C00721
R02110	C00369|C00718
R02111	C00009|C00103|C00369|C00718
R02112	C00208|C00369|C01935
R02113	C00015|C00029|C00370|C03641
R02124	C00003|C00004|C00080|C00376|C00473
R02142	C00013|C00119|C00385|C00655
R02157	C00019|C00021|C00389|C04443
R02160	C00001|C00007|C00011|C00026|C00042|C00389|C01617
R02161	C00080|C00125|C00126|C00390|C00399
R02163	C00003|C00004|C00080|C00390|C00399
R02164	C00042|C00122|C00390|C00399
R02175	C00019|C00021|C05805|C17568
R02193	C00005|C00006|C00010|C00080|C00406|C02666
R02194	C00002|C00010|C00013|C00020|C00406|C01494
R02199	C00025|C00026|C00407|C00671
R02220	C00005|C00006|C00010|C00080|C00411|C05610
R02221	C00002|C00010|C00013|C00020|C00411|C00482
R02222	C00001|C00007|C00080|C00412|C00510|C00996|C00999
R02235	C00003|C00004|C00080|C00415|C00504
R02236	C00005|C00006|C00080|C00415|C00504
R02237	C00002|C00008|C00009|C00025|C00415|C00921
R02239	C00001|C00009|C00416|C00641
R02240	C00002|C00008|C00416|C00641
R02241	C00010|C00040|C00416|C00681
R02245	C00002|C00008|C00418|C01107
R02248	C00001|C00009|C00419|C03463
R02249	C00001|C00009|C00419|C03475
R02250	C00001|C00162|C00422|C00641
R02251	C00010|C00040|C00422|C00641
R02253	C00001|C00005|C00006|C00007|C00080|C00423|C00811
R02255	C00002|C00010|C00013|C00020|C00423|C00540
R02265	C00427|C00584
R02269	C00001|C00429|C02642
R02272	C00430|C03741
R02282	C00025|C00077|C00437|C00624
R02291	C00005|C00006|C00009|C00080|C00441|C03082
R02292	C00001|C00022|C00441|C03340
R02300	C00001|C00445|C03479
R02301	C00002|C00008|C00009|C00080|C00445|C03479
R02313	C00001|C00003|C00004|C00025|C00080|C00449|C04076
R02320	C00022|C00074|C00201|C00454
R02323	C00001|C00009|C00455|C03150
R02326	C00002|C00008|C00458|C00705
R02327	C00105|C00299|C00458|C00705
R02331	C00002|C00008|C00460|C01346
R02332	C00105|C00299|C00460|C01346
R02334	C00001|C00461|C03518
R02340	C00118|C00463|C03506
R02361	C00470|C06118
R02362	C00001|C00132|C00470|C00714
R02366	C00010|C00040|C00473|C02075
R02367	C00010|C00154|C00473|C02588
R02371	C00055|C00458|C00475|C00705
R02372	C00055|C00460|C00475|C01346
R02382	C00001|C00007|C00014|C00027|C00483|C03765
R02408	C00001|C00014|C00022|C00491|C01962
R02410	C00001|C00095|C00492|C05402
R02411	C00089|C00137|C00492|C01235
R02412	C00002|C00008|C00493|C03175
R02413	C00005|C00006|C00080|C00493|C02637
R02416	C00010|C00223|C00493|C02947
R02418	C00001|C00145|C00496|C04090
R02421	C00008|C00498|C00718
R02423	C00001|C00011|C00014|C00499|C02091
R02425	C00001|C00499|C02350
R02433	C00025|C00026|C00506|C05528
R02442	C00001|C00005|C00006|C00007|C00080|C00509|C05631
R02444	C00007|C00011|C00026|C00042|C00509|C00974
R02446	C00509|C06561
R02457	C00001|C00007|C00014|C00027|C00515|C01110
R02464	C00346|C00517|C01120
R02466	C00011|C00519|C00606
R02467	C00007|C00519|C01678
R02473	C00002|C00013|C00020|C00099|C00522|C00864
R02485	C00001|C00014|C00526|C00881
R02493	C00002|C00008|C00534|C00647
R02494	C00001|C00009|C00534|C00647
R02497	C00028|C00030|C00535|C03917
R02506	C00005|C00006|C00010|C00080|C00540|C00903
R02508	C00042|C00097|C00542|C01118
R02519	C00007|C00544|C01036
R02521	C00007|C00011|C00544|C01179
R02529	C00001|C00007|C00014|C00027|C00546|C01888
R02530	C00051|C00546|C03451
R02549	C00001|C00003|C00004|C00080|C00334|C00555
R02556	C00001|C00014|C00559|C05512
R02565	C00001|C00003|C00004|C00080|C00576|C00719
R02566	C00001|C00005|C00006|C00080|C00576|C00719
R02568	C00111|C00577|C01094
R02569	C00010|C00024|C15973|C16255
R02570	C00010|C00091|C15973|C16254
R02571	C00010|C00527|C06157|C15973
R02580	C00003|C00004|C00080|C00584|C04707
R02581	C00005|C00006|C00080|C00584|C00639
R02584	C00002|C00008|C00585|C01167
R02585	C00001|C00009|C00585|C01167
R02590	C00013|C00063|C05674|C06459
R02593	C00005|C00006|C00080|C00590|C02666
R02596	C00590|C15805
R02613	C00001|C00007|C00014|C00027|C00601|C05332
R02619	C00025|C00026|C00606|C05527
R02649	C00002|C00008|C00624|C04133
R02662	C00010|C00630|C15973|C15977
R02664	C00002|C00008|C00631|C01159
R02670	C00007|C00027|C00080|C00632|C00704|C05640
R02678	C00001|C00003|C00004|C00080|C00637|C00954
R02681	C00001|C00007|C00027|C00637|C00954
R02685	C00001|C00640|C00658
R02687	C00001|C00162|C00641|C01885
R02691	C00015|C00052|C00641|C03692
R02694	C00010|C00422|C00605|C00641
R02703	C00003|C00004|C00080|C00644|C05345
R02719	C00001|C00009|C00655|C01762
R02720	C00001|C00013|C00655|C00700
R02722	C00001|C00065|C00078|C00118|C03506
R02731	C00001|C00009|C00665|C05345
R02735	C00666|C00680
R02736	C00005|C00006|C00080|C01172|C01236
R02737	C00015|C00029|C00668|C00689
R02739	C00668|C01172
R02740	C00668|C05345
R02746	C00001|C00162|C00670|C04230
R02747	C00001|C00162|C00670|C04233
R02750	C00002|C00008|C00673|C01801
R02778	C00001|C00009|C00689|C01083
R02811	C00177|C01450|C05712
R02814	C00001|C00229|C00712|C01203
R02832	C00005|C00006|C00080|C00729|C00783
R02834	C00003|C00004|C00080|C00735|C00762
R02846	C00177|C00283|C00736|C02512
R02853	C00001|C00009|C00740|C02532
R02869	C00170|C00315|C00750|C01137
R02872	C00005|C00006|C00013|C00080|C00751|C03428
R02873	C00001|C00007|C00028|C00030|C00751|C01054
R02874	C00001|C00005|C00006|C00007|C00080|C00751|C01054
R02886	C00001|C00185|C00760
R02887	C00001|C00221|C00760
R02889	C00015|C00029|C00760
R02894	C00007|C00027|C00763|C03564
R02918	C00002|C00013|C00020|C00082|C00787|C02839
R02923	C00001|C00007|C00014|C00027|C00792|C03771
R02926	C00001|C00124|C00794|C05399
R02940	C00001|C00003|C00004|C00080|C00804|C05985
R02957	C00001|C00003|C00004|C00080|C00818|C02670
R02976	C00002|C00008|C00836|C01120
R02978	C00005|C00006|C00080|C00836|C02934
R02984	C00842|C02097
R03004	C00001|C00020|C00857|C01185
R03005	C00002|C00013|C00857|C01185
R03008	C00007|C00011|C00026|C00042|C00859|C03579
R03012	C00003|C00004|C00080|C00860|C01929
R03018	C00002|C00008|C00864|C03492
R03020	C00868|C02764
R03024	C00001|C00009|C00870|C03360
R03025	C00282|C00876|C01080
R03026	C00001|C00877|C01144
R03035	C00002|C00013|C00882|C01134
R03038	C00002|C00013|C00020|C00041|C00886|C01635
R03050	C00022|C00068|C00900|C05125
R03051	C00005|C00006|C00080|C00900|C04039
R03055	C00001|C00906|C05100
R03057	C00001|C00909|C02165
R03066	C00001|C00568|C00921|C01300
R03067	C00013|C00568|C00921|C04807
R03077	C00013|C00075|C00935|C03906
R03083	C00009|C00944|C04691
R03084	C00001|C00944|C02637
R03093	C00001|C00014|C00954|C02938
R03094	C00015|C00029|C00954|C04197
R03098	C00002|C00013|C00956|C05560
R03102	C00001|C00003|C00004|C00080|C00956|C04076
R03103	C00001|C00005|C00006|C00080|C00956|C04076
R03104	C00003|C00004|C00080|C00957|C05823
R03105	C00022|C00094|C00320|C00957
R03106	C00022|C00957|C01326|C01755
R03123	C00005|C00006|C00080|C00974|C03648
R03124	C00001|C00005|C00006|C00007|C00080|C00974|C01617
R03126	C00001|C00007|C00011|C00026|C00042|C00974|C05903
R03132	C00033|C00320|C00979|C05824
R03139	C00001|C00007|C00014|C00027|C00986|C05665
R03140	C00007|C00197|C00988|C01182
R03157	C00002|C00008|C00009|C00010|C01013|C05668
R03158	C00001|C00010|C01013|C05668
R03161	C00002|C00008|C01019|C02985
R03162	C00001|C00069|C01019|C02475
R03165	C00001|C01024|C01051
R03174	C00010|C15973|C15979|C15980
R03181	C01036|C01061
R03197	C00011|C01051|C03263
R03200	C01054|C01902
R03210	C00010|C00011|C00041|C01063|C01092
R03217	C00033|C00097|C01077|C02291
R03220	C00001|C00007|C00011|C01079|C03263
R03222	C00007|C00027|C01079|C02191
R03223	C00013|C01081|C04327|C04752
R03231	C00019|C01037|C01092|C04425
R03236	C00002|C00008|C01097|C03785
R03237	C00063|C00112|C01097|C03785
R03238	C00015|C00075|C01097|C03785
R03239	C00081|C00104|C01097|C03785
R03243	C00025|C00026|C01100|C01267
R03245	C00002|C00008|C01107|C01143
R03254	C00001|C00009|C00074|C01112|C04478
R03260	C00042|C00097|C01118|C02291
R03264	C00005|C00006|C00080|C01126|C03461
R03269	C00011|C01134|C04352
R03270	C00068|C05125|C15972|C16255
R03283	C00001|C00003|C00004|C00080|C01149|C01181
R03291	C00003|C00004|C00080|C01157|C04281
R03293	C00005|C00006|C00080|C01157|C04281
R03310	C00001|C00003|C00004|C00007|C00080|C01164|C01189
R03313	C00005|C00006|C00009|C00080|C01165|C03287
R03316	C00068|C05381|C15972|C16254
R03321	C01172|C05345
R03332	C00001|C00641|C01177|C01194
R03346	C00001|C00009|C01185|C05841
R03348	C00011|C00013|C00119|C01185|C03722
R03351	C00013|C00063|C01187|C04121
R03353	C01189|C03845
R03355	C00001|C00124|C01190|C01290
R03370	C00001|C00007|C00028|C00030|C01203|C04088
R03381	C00003|C00004|C00010|C00080|C01213|C06002
R03393	C00001|C00009|C01220|C03546
R03401	C00005|C00006|C00080|C01226|C04780
R03402	C01226|C04672
R03417	C00001|C00162|C01233|C05973
R03421	C00001|C00049|C01239|C04540
R03427	C00001|C00009|C01243|C04063
R03428	C00002|C00008|C01243|C01272
R03429	C00002|C00008|C01243|C04477
R03435	C00001|C00641|C01245|C04637
R03437	C00010|C00024|C04317|C04598
R03438	C00010|C00040|C04317|C05212
R03443	C00005|C00006|C00009|C00080|C01250|C04133
R03449	C00002|C00008|C01256|C01293
R03457	C00001|C01267|C04666
R03458	C00005|C00006|C00080|C01268|C04454
R03459	C00001|C00014|C01268|C01304
R03469	C00002|C00008|C01277|C04637
R03471	C00002|C00008|C01279|C04556
R03472	C01279|C03373
R03478	C00002|C00008|C01284|C04477
R03479	C00002|C00008|C01284|C04520
R03503	C00002|C00020|C01300|C04807
R03504	C00266|C01300|C04874
R03508	C00001|C00011|C01302|C03506
R03509	C01302|C04302
R03522	C00051|C00462|C01322|C02320
R03527	C00001|C00267|C01335|C01798
R03530	C00002|C00008|C01344|C01345
R03531	C00001|C00013|C01345|C06196
R03542	C00001|C00014|C01401|C05714
R03546	C00011|C00080|C00288|C01417|C01563
R03596	C00001|C00005|C00006|C00080|C01528|C05684
R03599	C00028|C00030|C00041|C01528|C05688
R03600	C00001|C00080|C00138|C00139|C01528|C05684
R03601	C00033|C00979|C01528|C05688
R03626	C00007|C01595|C04717
R03634	C00001|C00124|C00492|C01613
R03635	C00001|C00095|C01613|C05404
R03636	C00005|C00006|C00080|C01617|C05906
R03640	C00007|C00011|C00026|C00042|C01617|C05631
R03646	C00002|C00013|C00020|C00062|C01636|C02163
R03648	C00002|C00013|C00020|C00152|C01637|C03402
R03650	C00002|C00013|C00020|C00097|C01639|C03125
R03652	C00002|C00013|C00020|C00064|C01640|C02282
R03654	C00002|C00013|C00020|C00037|C01642|C02412
R03655	C00002|C00013|C00020|C00135|C01643|C02988
R03656	C00002|C00013|C00020|C00407|C01644|C03127
R03658	C00002|C00013|C00020|C00047|C01646|C01931
R03659	C00002|C00013|C00020|C00073|C01647|C02430
R03660	C00002|C00013|C00020|C00079|C01648|C03511
R03661	C00002|C00013|C00020|C00148|C01649|C02702
R03662	C00002|C00013|C00020|C00065|C01650|C02553
R03664	C00002|C00013|C00020|C00078|C01652|C03512
R03665	C00002|C00013|C00020|C00183|C01653|C02554
R03678	C00138|C00139|C00500|C05913
R03683	C00001|C00007|C00016|C00237|C00500|C01352|C01708|C06258|C14819
R03689	C00005|C00006|C00080|C01724|C05109
R03775	C01943|C02141
R03776	C00005|C00006|C00080|C01944|C05276
R03777	C00016|C01352|C01944|C05276
R03778	C00010|C00024|C01944|C05265
R03789	C00242|C01449|C01977|C01978
R03805	C00019|C00021|C00080|C02031|C02339
R03806	C00001|C00007|C00011|C00026|C00042|C02034|C06095
R03807	C00011|C02034|C02035
R03809	C00007|C00011|C00026|C00042|C02035|C06096
R03815	C00003|C00004|C00080|C02051|C02972
R03817	C02061|C03025|C03162|C16693
R03824	C02094|C05435
R03828	C00013|C00044|C02031|C02100
R03829	C00035|C00096|C01810|C02101
R03838	C00010|C00605|C00641|C02112
R03840	C00002|C00008|C02128|C02374
R03845	C00005|C00006|C00080|C02139|C02880
R03847	C00003|C00004|C00080|C02140|C05490
R03856	C00005|C00006|C00080|C01832|C03221
R03857	C00016|C01352|C01832|C03221
R03858	C00010|C00024|C01832|C05261
R03862	C00017|C01636|C02163|C16739
R03867	C00045|C02166|C03363|C05951
R03869	C00001|C00003|C00004|C00080|C02170|C06002
R03875	C00019|C00021|C02188|C05544
R03876	C00002|C00013|C00020|C00496|C02188|C03635
R03877	C00001|C00002|C00008|C00009|C00080|C00305|C02191|C03516
R03893	C00001|C02222|C04431
R03896	C00001|C02226|C02612
R03898	C00001|C02226|C06032
R03905	C00001|C00002|C00008|C00009|C00025|C00064|C02282|C06112
R03916	C00001|C00025|C02320|C05729
R03918	C00005|C00006|C00080|C02325|C05610
R03919	C02325|C15806
R03920	C00002|C00008|C02336|C05345
R03921	C00001|C00668|C02336|C16688
R03938	C00019|C00021|C02415|C03702
R03940	C00101|C00234|C02430|C03294
R03956	C00037|C00051|C02471|C02755
R03968	C00001|C02504|C02631
R03970	C00001|C00025|C02512|C05711
R03971	C00001|C00025|C05670|C06114
R03989	C00005|C00006|C00080|C02593|C05273
R03990	C00016|C01352|C02593|C05273
R03991	C00010|C00024|C02593|C05259
R03992	C00010|C02038|C02593|C03881
R04001	C00001|C02631|C04411
R04007	C02646|C15804
R04014	C00001|C00229|C02679|C05223
R04019	C00001|C00124|C02686|C06126
R04027	C00007|C00014|C00027|C00080|C02723|C06178
R04030	C00002|C00010|C00013|C00020|C02730|C03160
R04035	C00001|C00013|C02739|C02741
R04037	C00001|C02741|C04896
R04038	C00013|C00020|C00235|C04713
R04065	C00001|C00003|C00004|C00080|C02835|C05130
R04095	C00016|C01352|C02939|C03069
R04097	C00010|C02939|C15973|C15975
R04109	C00005|C00006|C00080|C01641|C02987|C03741
R04120	C00001|C00342|C00343|C03023|C03895
R04125	C00014|C00101|C00143|C01242|C02972
R04138	C00002|C00008|C00009|C00288|C03069|C03231
R04143	C00002|C00008|C03089|C04188
R04144	C00002|C00008|C00009|C00037|C03090|C03838
R04170	C00001|C03221|C05262
R04173	C00025|C00026|C01005|C03232
R04190	C00019|C00021|C03306|C04311
R04198	C00003|C00004|C00080|C03340|C03972
R04199	C00005|C00006|C00080|C03340|C03972
R04208	C00002|C00008|C00009|C03373|C04640
R04209	C00011|C03373|C04751
R04212	C00001|C00002|C00008|C00009|C00025|C00064|C03402|C06113
R04218	C00013|C03427|C05421
R04230	C00002|C00013|C00020|C00097|C03492|C04352
R04231	C00013|C00055|C00063|C00097|C03492|C04352
R04237	C00019|C00021|C03516|C04536
R04238	C00001|C00066|C03523|C03880
R04241	C00002|C00008|C00009|C00025|C03541
R04242	C00001|C00025|C00101|C03541
R04247	C00013|C00063|C03557|C05673
R04257	C03582|C05901
R04273	C03633|C03798
R04276	C00001|C00007|C00011|C00026|C00042|C03648|C05904
R04300	C00001|C00007|C00014|C00027|C03758|C04043
R04319	C00005|C00006|C00080|C00658|C04512
R04320	C00001|C00333|C00470
R04325	C00101|C00234|C03838|C04376
R04326	C00001|C00101|C00445|C03838|C04376
R04342	C00001|C00005|C00006|C00007|C00080|C00852|C12208
R04355	C00011|C00229|C01209|C03939|C05744
R04358	C00002|C00008|C03959|C04395
R04378	C00013|C00119|C04051|C04677
R04385	C00002|C00008|C00009|C00288|C04419|C06250
R04386	C00024|C00083|C04419|C06250
R04390	C00005|C00006|C00080|C04076|C05535|C11482
R04405	C00073|C00155|C04144|C04489
R04420	C04188|C04582
R04426	C00003|C00004|C00080|C04236|C04411
R04427	C00019|C00021|C04525|C05437
R04428	C00001|C04246|C04618
R04429	C00003|C00004|C00080|C04246|C05745
R04433	C00390|C00399|C04253|C04570
R04437	C00001|C00007|C00028|C00030|C04679|C07282
R04440	C00005|C00006|C00080|C04181|C04272
R04441	C00001|C00141|C04272
R04457	C00001|C00009|C04332|C04732|C15556
R04463	C00001|C00002|C00008|C00009|C00025|C00064|C04376|C04640
R04469	C00015|C00052|C03692|C06037
R04470	C00001|C00124|C03692|C06037
R04481	C00019|C00021|C04441|C04692
R04496	C00019|C00021|C04506|C04748
R04506	C00001|C00003|C00004|C00080|C04554|C05445
R04509	C00002|C00008|C04556|C04752
R04533	C00005|C00006|C00080|C04618|C05744
R04534	C00005|C00006|C04619|C05753
R04535	C00001|C04619|C05754
R04536	C00005|C00006|C00080|C04620|C05750
R04537	C00001|C04620|C05751
R04543	C00005|C00006|C00080|C04633|C05762
R04544	C00001|C04633|C05763
R04546	C00010|C00100|C04644|C05337
R04558	C00025|C00064|C04666|C04677|C04916
R04559	C00122|C04677|C04823
R04566	C00005|C00006|C00080|C04688|C05759
R04567	C00043|C00229|C04688|C04738
R04568	C00001|C04688|C05760
R04591	C00002|C00008|C00009|C00049|C04751|C04823
R04606	C00015|C04652|C04824|C04932
R04607	C00015|C00167|C04825|C04903
R04620	C00001|C00009|C04874|C04895
R04633	C00001|C00124|C04884|C04911
R04639	C00001|C04895|C06148
R04640	C04896|C04916
R04666	C00001|C00011|C00014|C05100|C05145
R04672	C00022|C00068|C05125|C06010
R04673	C00068|C00109|C05125|C06006
R04711	C00019|C00021|C00080|C05200|C05313
R04718	C00019|C00021|C05206|C05320
R04724	C00003|C00004|C00080|C05223|C05758
R04726	C00011|C00229|C01209|C05223|C05759
R04734	C00001|C00268|C15522
R04737	C00003|C00004|C00080|C05258|C05259
R04738	C00001|C05258|C05272
R04739	C00003|C00004|C05260|C05261
R04740	C00001|C05260|C05273
R04741	C00003|C00004|C00080|C05262|C05263
R04742	C00010|C00024|C05263|C05274
R04743	C00003|C00004|C00080|C05264|C05265
R04744	C00001|C05264|C05275
R04745	C00003|C00004|C00080|C05266|C05267
R04746	C00001|C05266|C05276
R04747	C00010|C00024|C05267|C05270
R04748	C00003|C00004|C00080|C05268|C05269
R04749	C00001|C05268|C05271
R04751	C00016|C01352|C05270|C05271
R04753	C00005|C00006|C00080|C05274|C05275
R04754	C00016|C01352|C05274|C05275
R04770	C00001|C00014|C00109|C05335|C05703
R04771	C00001|C00002|C00009|C00013|C05335|C05691
R04772	C00019|C00021|C05335|C05690
R04779	C00002|C00008|C05345|C05378
R04780	C00001|C00009|C05345|C05378
R04786	C00028|C00030|C05413|C05414
R04787	C00028|C00030|C05414|C05430
R04798	C00001|C00007|C00028|C00030|C05430|C05431
R04800	C00001|C00007|C00028|C00030|C05431|C05432
R04801	C05431|C05434
R04804	C05437|C05439
R04805	C00003|C00004|C00080|C05444|C05445
R04811	C00010|C00100|C05337|C05449
R04827	C00028|C00030|C05458|C17339
R04858	C00019|C00021|C00856|C02967
R04859	C00033|C00080|C00094|C00097|C00320|C00342|C00343|C00979
R04863	C00020|C05535|C05560|C11482
R04866	C00019|C00021|C05544|C05545
R04867	C00019|C00021|C05545|C05546
R04880	C00003|C00004|C00080|C05576|C05577
R04901	C00005|C00006|C00080|C05631|C05907
R04903	C00001|C00003|C00004|C00080|C05634|C05635
R04920	C00055|C00165|C05673|C05675
R04928	C00002|C00008|C05686|C05696
R04929	C00002|C00013|C05686|C05697
R04935	C00012|C03193|C05689|C05695
R04936	C00001|C00212|C05692|C05698
R04941	C00001|C00014|C00022|C05698|C05699
R04944	C00009|C05688|C05699|C05702
R04945	C00033|C01077|C05688|C05699
R04946	C00042|C01118|C05688|C05699
R04949	C00001|C00031|C05712|C05713
R04951	C00001|C00037|C05726|C05729
R04952	C00011|C00229|C01209|C05745|C05746
R04953	C00005|C00006|C00080|C05746|C05747
R04954	C00001|C05747|C05748
R04955	C00003|C00004|C00080|C05748|C05749
R04957	C00011|C00229|C01209|C05749|C05750
R04958	C00003|C00004|C00080|C05751|C05752
R04960	C00011|C00229|C01209|C05752|C05753
R04961	C00003|C00004|C00080|C05754|C05755
R04963	C00011|C00229|C01209|C05755|C05756
R04964	C00005|C00006|C00080|C05756|C05757
R04965	C00001|C05757|C05758
R04966	C00003|C00004|C00080|C05760|C05761
R04968	C00011|C00229|C01209|C05761|C05762
R04969	C00003|C00004|C00080|C05763|C05764
R04972	C00011|C05766|C05768
R04982	C00001|C00007|C05802|C05803
R04983	C00019|C00021|C05803|C05804
R04990	C00019|C00021|C05813|C05814
R04993	C00019|C00021|C00828|C05818
R04998	C00001|C00031|C05838|C05839
R05000	C00013|C00156|C05847|C05848
R05032	C00015|C00043|C05897|C05898
R05035	C00019|C00021|C05902|C05903
R05036	C00001|C00007|C00011|C00026|C00042|C00080|C05905|C05906
R05037	C00001|C00007|C00011|C00026|C00042|C00080|C05908|C05909
R05038	C00005|C00006|C00080|C02906|C05909
R05039	C00007|C00011|C00026|C00042|C02906|C05911
R05046	C00001|C00058|C05922|C05923
R05048	C05923|C06148
R05050	C00001|C00003|C00004|C00080|C02946|C05936
R05051	C00001|C00003|C00004|C00080|C05938|C05947
R05052	C00025|C00026|C05946|C05947
R05064	C00001|C00010|C06000|C06001
R05066	C00003|C00004|C00080|C06001|C06002
R05068	C00005|C00006|C00080|C06007|C14463
R05069	C06006|C14463
R05070	C00001|C00671|C06007
R05071	C04181|C06010
R05085	C00025|C00026|C06054|C06055
R05086	C00001|C00009|C06055|C06056
R05092	C00013|C06089|C06090
R05097	C00007|C00011|C00026|C00042|C06094|C06095
R05191	C00015|C00617|C00714
R05196	C00031|C00208|C00718
R05202	C00002|C00008|C01204|C01284
R05233	C00003|C00004|C00080|C06611|C06613
R05234	C00003|C00004|C00080|C06612|C16348
R05237	C00001|C00080|C06613|C06614
R05238	C00001|C00080|C06615|C16348
R05265	C00001|C00007|C00080|C00088|C02235|C02814
R05286	C00001|C00003|C00004|C00080|C06754|C06755
R05329	C00315|C00986|C07281|C07282
R05333	C00422|C00641|C00865|C06254
R05341	C05432|C05435
R05510	C00001|C07090|C07091
R05511	C00001|C04706|C06329
R05549	C00001|C00124|C05402|C05404
R05554	C00001|C00014|C00603|C02091
R05556	C00013|C00129|C00448|C05859
R05576	C00005|C00006|C00080|C00332|C05116
R05577	C00002|C00013|C00020|C00049|C01638|C02984
R05578	C00002|C00013|C00020|C00025|C01641|C02987
R05591	C00001|C00014|C00180|C09814
R05616	C00013|C00156|C01230|C13425
R05617	C00011|C00013|C03657|C04146|C05818
R05618	C00001|C01389|C02139|C05306
R05629	C00105|C04702|C04851|C17556
R05630	C00105|C04882|C05897|C17556
R05633	C00013|C00063|C11434|C11435
R05634	C00002|C00008|C11435|C11436
R05635	C00001|C00058|C11439|C11440
R05636	C00011|C00022|C00118|C11437
R05637	C00055|C11436|C11453
R05639	C00005|C00006|C00080|C05108|C11455
R05640	C00001|C00005|C00006|C00007|C00058|C00080|C01724|C11455
R05662	C00015|C00043|C04851|C05893
R05688	C00005|C00006|C00080|C11434|C11437
R05692	C00005|C00006|C00080|C00325|C01222
R05700	C00001|C00003|C00004|C00080|C01494|C02666
R05701	C00001|C00005|C00006|C00080|C01494|C02666
R05703	C00005|C00006|C00080|C01189|C05439
R05708	C00001|C00028|C00030|C00147|C04083|C07330
R05723	C00001|C00007|C00011|C00026|C00042|C01617|C05906
R05731	C00001|C00005|C00006|C00007|C00058|C00080|C01943|C11508
R05769	C00015|C00029|C00530|C06186
R05775	C00001|C00029|C00094|C11521
R05776	C00019|C00021|C11522|C11523
R05800	C00002|C00008|C01245|C11555
R05801	C00002|C00008|C01284|C11555
R05802	C00002|C00008|C04549|C11556
R05842	C00001|C01380|C06548
R05861	C00001|C00007|C00014|C00022|C00027|C00133
R05884	C00001|C00005|C00006|C00080|C00129|C11811
R05969	C00043|C00105|C00110|G00001
R06010	C00001|C00124|G00109|G00110
R06023	G10481|G10608|G10619
R06088	C00001|C00267|C02336|G00370
R06091	C00001|C00031|C00124|G01275
R06154	C00001|C00007|C00014|C00027|C00067|C00218
R06171	C00037|C00084|C05519
R06200	C00001|G00289|G10481
R06201	C00001|C00333|G10506
R06211	C00001|C00009|G00370|G10508
R06223	C00005|C00006|C00013|C00080|C00448|C00751
R06284	C00013|C02139|C05306|C05427
R06286	C00005|C00006|C00080|C11831|C11832
R06291	C00001|C00005|C00006|C00007|C00080|C06090|C11872
R06292	C00001|C00005|C00006|C00007|C00080|C11872|C11873
R06293	C00001|C00005|C00006|C00007|C11873|C11874
R06294	C00001|C00005|C00006|C00007|C00080|C11874|C11875
R06295	C00001|C00005|C00006|C00007|C00080|C06093|C11875
R06296	C00001|C00005|C00006|C00007|C00080|C11875|C11876
R06297	C00001|C00005|C00006|C00007|C06093|C11857
R06322	C00007|C00011|C00026|C00042|C11857|C11860
R06323	C00001|C00007|C00011|C00026|C00042|C11860|C11861
R06326	C00011|C11861|C11863
R06336	C00007|C00011|C00026|C00042|C11863|C11864
R06337	C00007|C00011|C00026|C00042|C11863|C11865
R06338	C00007|C00011|C00026|C00042|C11864|C11868
R06364	C00055|C00570|C03201|C04475
R06366	C00001|C00003|C00004|C00080|C02576|C11924
R06401	C00001|C00028|C00030|C09880|C11938
R06404	C00001|C00007|C00080|C05359|C09880|C11941
R06516	C00346|C06123|C06124
R06517	C00010|C00040|C00836|C12126
R06518	C00001|C00162|C00836|C12126
R06525	C00001|C00005|C00006|C00007|C00080|C00836|C12144
R06526	C00001|C00005|C00006|C00007|C00080|C12126|C12145
R06534	C00015|C00029|C05904|C12137
R06535	C00015|C00029|C05905|C08604
R06536	C00015|C00029|C05908|C12138
R06537	C00001|C00005|C00006|C00007|C00080|C01477|C01514
R06538	C00001|C00005|C00006|C00007|C00080|C00389|C05903
R06539	C00001|C00007|C00011|C00026|C00042|C02906|C10107
R06540	C00001|C00007|C00011|C00026|C00042|C00974|C03648
R06541	C00005|C00006|C00080|C05904|C12128
R06542	C00005|C00006|C00080|C05905|C09727
R06543	C00005|C00006|C00080|C05908|C12136
R06556	C08650|C09762
R06568	C00001|C00005|C00006|C00010|C00011|C00080|C00083|C00223|C08650
R06569	C00005|C00006|C00010|C00080|C12203|C12204
R06570	C00005|C00006|C00080|C12204|C12205
R06571	C00005|C00006|C00080|C10945|C12206
R06572	C00001|C00005|C00006|C00007|C00080|C02666|C12204
R06573	C00001|C00005|C00006|C00007|C00080|C00590|C12205
R06578	C00019|C00021|C00411|C12203
R06582	C00001|C00005|C00006|C00007|C00080|C02947|C10434
R06583	C00002|C00010|C00013|C00020|C05619|C12203
R06590	C00117|C05382|C12214|C12215
R06601	C00001|C11821|C12248
R06604	C00011|C02350|C12248
R06610	C00005|C00006|C00080|C00509|C12124
R06740	C00001|C00007|C00014|C00027|C01672|C12455
R06835	C00001|C12834|C12835
R06838	C00001|C02222|C12838
R06858	C00011|C00013|C03657|C05427|C13309
R06859	C00019|C00021|C02059|C13309
R06867	C00015|C00641|C11521|C13508
R06868	C00019|C00021|C01210|C13482
R06869	C00019|C00021|C00588|C13482
R06870	C00001|C00009|C00189|C00346
R06871	C00001|C00009|C00114|C00588
R06883	C00001|C00003|C00004|C00007|C00080|C13624|C13629
R06888	C00001|C00003|C00004|C00007|C00080|C13631|C13634
R06895	C00011|C00019|C00073|C01079|C03263|C05198
R06917	C00003|C00004|C00080|C14089|C14090
R06927	C00003|C00004|C00080|C02909|C14099
R06941	C00003|C00004|C00080|C02232|C14145
R06946	C00001|C00003|C00004|C00007|C00080|C06098|C08579
R06947	C00001|C00003|C00004|C00007|C00080|C08579|C08614
R06952	C00007|C13431|C13453|C14044
R06953	C00007|C13433|C13453|C14045
R06954	C00003|C00004|C00080|C13453|C13455
R06960	C05431|C14146
R06962	C05433|C08586
R06963	C05432|C08586
R06983	C00003|C00004|C00080|C01031|C14180
R06985	C00005|C00006|C00080|C05270|C05271
R07002	C00051|C14786|C14791
R07003	C00051|C14787|C14793
R07004	C00051|C14787|C14792
R07023	C00051|C14802|C14803
R07024	C00051|C14802|C14804
R07025	C00051|C14800|C14805
R07026	C00051|C14800|C14806
R07034	C00001|C00051|C00127|C04805|C05356
R07035	C00001|C00051|C00127|C04742|C05966
R07057	C00007|C01595|C14827
R07064	C00001|C00157|C01595|C04230
R07069	C00051|C14839|C14847
R07070	C00051|C14840|C14848
R07083	C00051|C14851|C14855
R07084	C00001|C00051|C14852|C14856
R07091	C00051|C14858|C14861
R07092	C00051|C01327|C14857|C14865
R07093	C00051|C01327|C14859|C14864
R07094	C00051|C01327|C14863|C14865
R07100	C00051|C01327|C06790|C14868
R07105	C00001|C00003|C00004|C00080|C06899|C07490
R07108	C00001|C14771|C14775
R07109	C00001|C14770|C14774
R07110	C00001|C14769|C14773
R07111	C00001|C14768|C14772
R07113	C00051|C00080|C11088|C13645|C14874
R07116	C00051|C13645|C14870|C14871
R07162	C00005|C00006|C00040|C00080|C00658
R07168	C00003|C00004|C00080|C00143|C00440
R07178	C00001|C00072|C05422|C08579|C08614
R07179	C00001|C00072|C05422|C06098|C08579
R07199	C00001|C00005|C00006|C00007|C00080|C06098|C08579
R07200	C00001|C00005|C00006|C00007|C00080|C08579|C08614
R07202	C00001|C00005|C00006|C00007|C00080|C06082|C15514
R07214	C00001|C00007|C00011|C00072|C00177|C01234|C05422|C06547
R07215	C00001|C00005|C00006|C00007|C00080|C01164|C01189
R07219	C00001|C00005|C00006|C00080|C00235|C11811
R07232	C00019|C00021|C00240|C04154
R07235	C00019|C00021|C01967|C03226
R07236	C00019|C00021|C02477|C02483
R07260	C00015|C00029|C15545|C15546
R07261	C00454|C00718|C15541
R07263	C00001|C03160|C15547
R07267	C00013|C00129|C04145|C04146
R07270	C00013|C03427|C05413
R07273	C00013|C00156|C03885|C04145
R07276	C00025|C00026|C00254|C00826
R07277	C00025|C00026|C05324|C15486
R07281	C00058|C00199|C15556
R07324	C00092|C04006
R07363	C00007|C00058|C00237|C08276|C15606
R07364	C00007|C00058|C01180|C15606
R07366	C00001|C00007|C00011|C00026|C00042|C05906|C12316
R07376	C00065|C00189|C00350|C02737
R07379	C00001|C00060|C04635|C04756
R07381	C00001|C00346|C03454|C04756
R07384	C00055|C00570|C03454|C04756
R07385	C00001|C00189|C04756|C15647
R07387	C00001|C00060|C04317|C05212
R07390	C00116|C00344|C05980
R07392	C00001|C04582|C15650
R07395	C00001|C00009|C15606|C15650
R07396	C00025|C00026|C00073|C01180
R07400	C00001|C00007|C00014|C00027|C00916|C04712
R07403	C00001|C00005|C00006|C00007|C00080|C00463|C12312
R07411	C00001|C00013|C00032|C00448|C15672
R07412	C15670|C15672
R07422	C00001|C00005|C00006|C00007|C00080|C11130|C15769
R07426	C00015|C00029|C15770|C15772
R07429	C00005|C00006|C15785|C15786
R07430	C00001|C00005|C00006|C00007|C15789|C15790
R07432	C00010|C00223|C00296|C12208
R07433	C00010|C00323|C00493|C10434
R07437	C00005|C00006|C00080|C02646|C05608
R07440	C00001|C00005|C00006|C00007|C00080|C01494|C05619
R07441	C00001|C00003|C00004|C00080|C00482|C05610
R07442	C00001|C00005|C00006|C00080|C00482|C05610
R07443	C12205|C15807
R07444	C15791|C15792
R07445	C00001|C00005|C00006|C00007|C01789|C15795
R07447	C00005|C00006|C15796|C15797
R07449	C15799|C15800
R07450	C00001|C00007|C15802|C15803
R07451	C15794|C15803
R07452	C00001|C00005|C00006|C00007|C15785|C15796
R07453	C00001|C00005|C00006|C00007|C15786|C15797
R07454	C00001|C00005|C00006|C00007|C15787|C15798
R07455	C00001|C00007|C15791|C15799
R07456	C00018|C00025|C00064|C00118|C00199
R07457	C00001|C00007|C15792|C15800
R07458	C00001|C00007|C15793|C15801
R07460	C00041|C00097|C15811|C15812
R07471	C08814|C15794
R07477	C00003|C00004|C00080|C00315|C15853
R07478	C00003|C00004|C00080|C07282|C15854
R07479	C00986|C07281|C15853|C15854
R07480	C07281|C15854
R07481	C00019|C00021|C01902|C08830
R07482	C02141|C08830
R07483	C00005|C00006|C00080|C11508|C15776
R07484	C11522|C15776
R07485	C11523|C15782
R07486	C15782|C15783
R07487	C08821|C15783
R07488	C00005|C00006|C00080|C01753|C08821
R07490	C11522|C15777
R07491	C15777|C15780
R07492	C15780|C15781
R07493	C00005|C00006|C00080|C01789|C15781
R07494	C00005|C00006|C00011|C00080|C15808|C15816
R07498	C00005|C00006|C00080|C03845|C05437
R07499	C00005|C00006|C00080|C05108|C15915
R07500	C00011|C00013|C00544|C05427|C15882
R07501	C00019|C00021|C15882|C15883
R07502	C02483|C15883
R07503	C14151|C15882
R07504	C00019|C00021|C14151|C14152
R07505	C00005|C00006|C00080|C15777|C15778
R07507	C00005|C00006|C00080|C01164|C05107
R07510	C05421|C15857
R07511	C15602|C15603|C15857|C15858
R07512	C05432|C15858
R07558	C00001|C00003|C00004|C00007|C00080|C02094|C08591
R07559	C00001|C00003|C00004|C00007|C00080|C06098|C08591
R07599	C00011|C00068|C00141|C15976
R07600	C00068|C15972|C15976|C15977
R07601	C00011|C00068|C00233|C15974
R07602	C00068|C15972|C15974|C15975
R07603	C00011|C00068|C00671|C15978
R07604	C00068|C15972|C15978|C15979
R07606	C00001|C00073|C00342|C00343|C15999
R07613	C00001|C00025|C00026|C00666|C03972
R07618	C00003|C00004|C00080|C15972|C15973
R07631	C00001|C00013|C00341|C11389
R07672	C00096|C15925
R07673	C02280|C15925
R07674	C00001|C00009|C01825|C15926
R07675	C00003|C00004|C00080|C01115|C01825
R07678	C00009|C00035|C02280|C15926
R07679	C00072|C00080|C00125|C00126|C05422
R07687	C00007|C00080|C05359|C14315|C16205
R07697	C00007|C00146|C12486|C16200
R07700	C00007|C00014|C00090|C00292
R07706	C00007|C00088|C00090|C06813
R07759	C00005|C00006|C00080|C16216|C16217
R07760	C00001|C16217|C16218
R07761	C00005|C00006|C00080|C00412|C16218
R07762	C00011|C00229|C01209|C05764|C16219
R07763	C00005|C00006|C00080|C16219|C16220
R07764	C00001|C16220|C16221
R07765	C00003|C00004|C00080|C04088|C16221
R07766	C00229|C05752|C16236|C16240
R07767	C00019|C00073|C05198|C16236|C16237|C17023
R07768	C00019|C00073|C05198|C05752|C16239|C17023
R07769	C00229|C16237|C16239|C16240
R07840	C08586|C16276
R07855	C00001|C00014|C07086|C16074
R07856	C05434|C16291
R07859	C00001|C00157|C04230|C06427
R07863	C00001|C04672|C04785
R07864	C00007|C06427|C16321
R07865	C00001|C16321|C16324
R07868	C16321|C16322|C16323
R07869	C00007|C04785|C06427
R07870	C04785|C16310|C16311
R07887	C00002|C00010|C00013|C00020|C04780|C16327
R07888	C00016|C01352|C16327|C16328
R07889	C00001|C16328|C16329
R07890	C00003|C00004|C00080|C16329|C16330
R07891	C00010|C00024|C16330|C16331
R07892	C00016|C01352|C16331|C16332
R07893	C00001|C16332|C16333
R07894	C00003|C00004|C00080|C16333|C16334
R07895	C00010|C00024|C16334|C16335
R07896	C00016|C01352|C16335|C16336
R07897	C00001|C16336|C16337
R07898	C00003|C00004|C00080|C16337|C16338
R07899	C00010|C00024|C16338|C16339
R07916	C00013|C00353|C05413
R07934	C00016|C01352|C16168|C16374
R07937	C00010|C00024|C16169|C16376
R07950	C00016|C01352|C16172|C16387
R07953	C00010|C00024|C16173|C16389
R07981	C00001|C00007|C00011|C00027|C16361|C16362
R07987	C00010|C00011|C00083|C00540|C16404
R07988	C00010|C00011|C00083|C00323|C15525
R07989	C00010|C00011|C00083|C00406|C16405
R07990	C09827|C16404
R07993	C00007|C00011|C00026|C00042|C09826|C09827
R07995	C08578|C09614
R07996	C00007|C00011|C00026|C00042|C09751|C09762
R07997	C00007|C00011|C00026|C00042|C01378|C09614
R07998	C00005|C00006|C00080|C09751|C16415
R07999	C00005|C00006|C00080|C01378|C09736
R08002	C00001|C00005|C00006|C00007|C00080|C09614|C09762
R08032	C00001|C00005|C00006|C00007|C00080|C01378|C09751
R08051	C00002|C00013|C00235|C16424
R08052	C00008|C00013|C00235|C16426
R08053	C00001|C00007|C03024|C03161|C16424|C16428
R08054	C00001|C00007|C03024|C03161|C16426|C16429
R08055	C00001|C00007|C03024|C03161|C04713|C16430
R08082	C00001|C00007|C00011|C00026|C00042|C09826|C10044
R08090	C00033|C04675|C16466
R08120	C00001|C02222|C16477|C16487
R08121	C00001|C02222|C16476|C16487
R08157	C00001|C00229|C05752|C06423
R08158	C00001|C00229|C01571|C05755
R08159	C00001|C00229|C05761|C06424
R08161	C00001|C00007|C00028|C00030|C05764|C16520
R08162	C00001|C00229|C08362|C16520
R08163	C00001|C00229|C01530|C04088
R08174	C00001|C00010|C00412|C01530
R08175	C00001|C00010|C02041|C06425
R08176	C00001|C00010|C00510|C00712
R08177	C00001|C00010|C01595|C02050
R08178	C00001|C00010|C06427|C16162
R08179	C00001|C00010|C06428|C16165
R08180	C00001|C00010|C06429|C16169
R08181	C00001|C00010|C03035|C06426
R08182	C00001|C00010|C03242|C03595
R08183	C00001|C00010|C00219|C02249
R08203	C00001|C00005|C00006|C00007|C00080|C02139|C16540
R08204	C00001|C00005|C00006|C00007|C00080|C16540|C16541
R08209	C00001|C00003|C00004|C00080|C00129|C11811
R08210	C00001|C00003|C00004|C00080|C00235|C11811
R08218	C00002|C00013|C00020|C00065|C06481|C16636
R08221	C00001|C00014|C12739|C16635
R08226	C00005|C00006|C00080|C07649|C16630
R08227	C00001|C16630|C16631
R08228	C00001|C00011|C00014|C16631|C16632
R08231	C00013|C00119|C07649|C16634
R08232	C00002|C00008|C16633|C16634
R08237	C00013|C00119|C02380|C04646
R08238	C00013|C00119|C16614|C16615
R08240	C00001|C00003|C00004|C00080|C04646|C16618
R08243	C00001|C00013|C04646|C16617
R08244	C00001|C00002|C00013|C00020|C00025|C00064|C16618|C16619
R08245	C00013|C00119|C07648|C16619
R08280	C00001|C00051|C07645|C11583
R08281	C00003|C00004|C00080|C07645|C16551
R08306	C00003|C00004|C00080|C16586|C16587
R08310	C00003|C00004|C00080|C16595|C16596
R08359	C00170|C01137|C01672|C16565
R08360	C00001|C01335|C15498|C16663|C16664
R08362	C00001|C01335|C02090|C03170|C15498
R08363	C00001|C03723|C04232|C16663|C16664
R08364	C00001|C02090|C03170|C03723|C04232
R08379	C00005|C00006|C00080|C00376|C00473
R08381	C00010|C00154|C00899|C03455
R08383	C00005|C00006|C00080|C16681|C16682
R08409	C03025|C03162|C10385|C16695
R08511	C00051|C00726|C01326|C02320
R08512	C00051|C00059|C02320|C16738
R08604	C00001|C00005|C00006|C00007|C00398|C17203
R08639	C00092|C00103
R08689	C00001|C00138|C00139|C11453|C11811
R08695	C00013|C00448|C09666
R08697	C00001|C00013|C00448|C01126
R08704	C04089|C17328
R08705	C00005|C00006|C00080|C02199|C17328
R08754	C00005|C00006|C00080|C00353|C17439
R08755	C00005|C00006|C00080|C17439|C17440
R08756	C00005|C00006|C00080|C05427|C17440
R08765	C17509|C17510
R08771	C00019|C00021|C17554|C17559
R08773	C00001|C00007|C17552|C17560
R08774	C00019|C00021|C17560|C17561
R08781	C00019|C00021|C00399|C17562
R08782	C00011|C00013|C00544|C04145|C17570
R08783	C00019|C00021|C10385|C17570
R08815	C00001|C00005|C00006|C00007|C00080|C00223|C00540
R08836	C00007|C00355|C17758
R08840	C00001|C00007|C03024|C03161|C15791|C17733
R08841	C00001|C00007|C03024|C03161|C15793|C17735
R08845	C00013|C00075|C00991|C05227
R08914	C00003|C00004|C00080|C16540|C16541
R08915	C00005|C00006|C00080|C16540|C16541
R08935	C00005|C00006|C00080|C03319|C11907
R08972	C00007|C00011|C00026|C00042|C15772|C18062
R08973	C00019|C00021|C04831|C18062
R09009	C00935|C18094
R09032	C00005|C00006|C00080|C18022|C18098
R09034	C00010|C00040|C01194|C03819
R09036	C00010|C00040|C00344|C18126
R09037	C00010|C00040|C05980|C18129
R09057	C00005|C00006|C00013|C00080|C00353|C11243|C18156
R09058	C00005|C00006|C00013|C00080|C00353|C11242|C18155
R09067	C00013|C05307|C05427|C16541
R09068	C00001|C01389|C05307|C16541
R09069	C00003|C00004|C00080|C05307|C18151
R09070	C00005|C00006|C00080|C05307|C18151
R09075	C00001|C00007|C00027|C00986|C01029|C05936
R09099	C00001|C00037|C00065|C01217|C04377
R09102	C14298|C18215
R09104	C14220|C18216
R09106	C00010|C00406|C18217|C18218
R09107	C00001|C00033|C00327|C15532
R09136	C00001|C18242|C18243
R09220	C00001|C18309|C18310
R09222	C00001|C18304|C18305
R09250	C00013|C00129|C00341|C04145
R09251	C00013|C00129|C00353|C04145
R09365	C04144|C04489|C05335|C05698
R09366	C00001|C00014|C00022|C05689|C05703
R09372	C00001|C00005|C00006|C00080|C05703|C18902
R09380	C00093|C00173|C00229|C00681
R09381	C00173|C00229|C00416|C00681
R09394	C00001|C00013|C00044|C18239
R09395	C05924|C17023|C18239
R09409	C00051|C11278|C19586
R09412	C19589|C19591
R09413	C19589|C19592
R09414	C19590|C19591
R09415	C19590|C19592
R09419	C00010|C00011|C00040|C00083|C00264
R09420	C00005|C00006|C00080|C16453|C19574
R09449	C00005|C00006|C00080|C00658|C02843
R09450	C00001|C00010|C00638|C02843
R09451	C00001|C00005|C00006|C00007|C00080|C00249|C18218
R09452	C00001|C00005|C00006|C00007|C00080|C00712|C19616
R09466	C00237|C00609|C01371
R09470	C00005|C00006|C00010|C00080|C00226|C02843
R09618	C00001|C00013|C00448|C19746
R09625	C19751|C19752
R09652	C02061|C05421|C16693|C19764
R09653	C02061|C05421|C16693|C19765
R09654	C02061|C16693|C19764|C19765
R09655	C15857|C19764
R09656	C15602|C15603|C15857|C19759
R09658	C15602|C15603|C15858|C19759
R09682	C00007|C13453|C19811|C19812
R09726	C00002|C00013|C05924|C19848
R09735	C00001|C00020|C06232|C18237|C19848
R09736	C00019|C00021|C05819|C19847
R09747	C00001|C00003|C00004|C00007|C00080|C02094|C06098
R09761	C15794|C19873
R09762	C08814|C19874
R09844	C00013|C00448|C20119|C20120
R09845	C00001|C00012|C04506|C20120
R09846	C00001|C00132|C04506|C04748
R09849	C00063|C00112|C01126|C20121
R09995	C00369|C01083
