Bc1	C00267_biomass_c|C00267_c
Bc10	C00065_biomass_c|C01650_c|C02553_c
Bc11	C00188_biomass_c|C01651_c|C02992_c
Bc12	C00073_biomass_c|C01647_c|C02430_c
Bc13	C00097_biomass_c|C01639_c|C03125_c
Bc14	C00183_biomass_c|C01653_c|C02554_c
Bc15	C00123_biomass_c|C01645_c|C02047_c
Bc16	C00407_biomass_c|C01644_c|C03127_c
Bc17	C00064_biomass_c|C01640_c|C02282_c
Bc18	C00062_biomass_c|C01636_c|C02163_c
Bc19	C00148_biomass_c|C01649_c|C02702_c
Bc2	C00089_biomass_c|C00089_c
Bc20	C00047_biomass_c|C01646_c|C01931_c
Bc21	C00135_biomass_c|C01643_c|C02988_c
Bc22	C00079_biomass_c|C01648_c|C03511_c
Bc23	C00082_biomass_c|C00787_c|C02839_c
Bc24	C00078_biomass_c|C01652_c|C03512_c
Bc25	C00152_biomass_c|C01637_c|C03402_c
Bc26	C02646_biomass_c|C02646_c
Bc27	C00590_biomass_c|C00590_c
Bc28	C02325_biomass_c|C02325_c
Bc29	C02336_biomass_c|C02336_c
Bc3	C00760_biomass_c|C00760_c
Bc30	C00249_biomass_c|C00249_c
Bc31	C00013_c|C00131_biomass_c|C00131_c
Bc32	C00013_c|C00286_biomass_c|C00286_c
Bc33	C00013_c|C00458_biomass_c|C00458_c
Bc34	C00013_c|C00459_biomass_c|C00459_c
Bc35	C00002_biomass_c|C00002_c|C00013_c
Bc36	C00013_c|C00044_biomass_c|C00044_c
Bc37	C00013_c|C00063_biomass_c|C00063_c
Bc38	C00013_c|C00075_biomass_c|C00075_c
Bc4	C00369_biomass_c|C00369_p
Bc5	C00181_biomass_c|C00181_c
Bc6	C00025_biomass_c|C01640_c|C06112_c
Bc7	C00041_biomass_c|C00886_c|C01635_c
Bc8	C00049_biomass_c|C01637_c|C06113_c
Bc9	C00037_biomass_c|C01642_c|C02412_c
Ex1	C00011_c|C00011_e
Ex10	C00065_c|C00065_e
Ex11	C00283_c|C00283_e
Ex12	C00059_c|C00059_e
Ex13	C00267_c|C00267_e
Ex14	C02336_c|C02336_e
Ex15	C00208_c|C00208_e
Ex16	hv_e|hv_p
Ex17	C00089_c|C00089_e
Ex18	C00009_c|C00009_e
Ex2	C00001_c|C00001_e
Ex3	C00007_c|C00007_e
Ex4	C00244_c|C00244_e
Ex5	C00014_c|C00014_e
Ex6	C00025_c|C00025_e
Ex7	C00064_c|C00064_e
Ex8	C00049_c|C00049_e
Ex9	C00041_c|C00041_e
R00004_c	C00001_c|C00009_c|C00013_c
R00006_c	C00011_c|C00022_c|C00900_c
R00009_x	C00001_x|C00007_x|C00027_x
R00010_c	C00001_c|C00031_c|C01083_c
R00014_c	C00011_c|C00022_c|C00068_c|C05125_c
R00021_p	C00025_p|C00026_p|C00064_p|C00138_p|C00139_p
R00022_c	C00001_c|C00140_c|C01674_c
R00024_p	C00001_p|C00011_p|C00197_p|C01182_p
R00026_c	C00001_c|C00185_c|C00221_c
R00028_c	C00001_c|C00208_c|C00267_c
R00028_p	C00001_p|C00208_p|C00267_p
R00036_c	C00001_c|C00430_c|C00931_c
R00047_c	C00007_c|C00011_c|C01020_c|C01059_c
R00066_c	C00255_c|C04332_c|C04732_c
R00068_c	C00001_c|C00007_c|C00072_c|C05422_c
R00075_c	C00019_c|C00170_c|C05324_c
R00081_c	C00001_c|C00007_c|C00080_c|C00125_c|C00126_c
R00084_c	C00001_c|C00014_c|C00931_c|C01024_c
R00086_c	C00001_c|C00002_c|C00008_c|C00009_c
R00089_c	C00002_c|C00013_c|C00575_c
R00093_p	C00003_p|C00004_p|C00025_p|C00026_p|C00064_p|C00080_p
R00095_c	C00003_c|C00004_c|C00072_c|C00080_c|C01041_c
R00095_tmx	C00003_x|C00004_x|C00072_c|C00080_x|C01041_c
R00100_c	C00003_c|C00004_c|C00080_c|C00996_c|C00999_c
R00103_c	C00001_c|C00003_c|C00020_c|C00455_c
R00114_c	C00005_c|C00006_c|C00025_c|C00026_c|C00064_c|C00080_c
R00115_c	C00005_c|C00006_c|C00051_c|C00080_c|C00127_c
R00122_c	C00001_c|C00008_c|C00009_c|C00020_c
R00124_c	C00002_c|C00008_c
R00126_c	C00002_c|C00008_c|C00009_c|C01260_c
R00127_c	C00002_c|C00008_c|C00020_c
R00130_c	C00002_c|C00008_c|C00010_c|C00882_c
R00131_c	C00001_c|C00011_c|C00014_c|C00086_c
R00132N_c	C00001_c|C00011_c|C00080_c|C00288_c
R00132N_m	C00001_m|C00011_m|C00080_m|C00288_m
R00132N_p	C00001_p|C00011_p|C00080_p|C00288_p
R00149_c	C00001_c|C00002_c|C00008_c|C00009_c|C00011_c|C00014_c|C00169_c
R00149_p	C00001_p|C00002_p|C00008_p|C00009_p|C00011_p|C00014_p|C00169_p
R00155_c	C00001_c|C00009_c|C00015_c|C00105_c
R00156_c	C00002_c|C00008_c|C00015_c|C00075_c
R00157_c	C00008_c|C00015_c|C00020_c|C00075_c
R00158_c	C00002_c|C00008_c|C00015_c|C00105_c
R00159_c	C00001_c|C00009_c|C00015_c|C00075_c
R00164_c	C00001_c|C00009_c|C00017_c|C00562_c
R00174_c	C00002_c|C00008_c|C00018_c|C00250_c
R00177_c	C00001_c|C00002_c|C00009_c|C00013_c|C00019_c|C00073_c
R00178_c	C00011_c|C00019_c|C01137_c
R00179_c	C00019_c|C00170_c|C01234_c
R00181_c	C00001_c|C00014_c|C00020_c|C00130_c
R00183_c	C00001_c|C00009_c|C00020_c|C00212_c
R00184_c	C00001_c|C00002_c|C00020_c|C01260_c
R00185_c	C00002_c|C00008_c|C00020_c|C00212_c
R00187_c	C00001_c|C00008_c|C00020_c|C06197_c
R00190_c	C00013_c|C00020_c|C00119_c|C00147_c
R00191_c	C00001_c|C00020_c|C00575_c
R00192_c	C00001_c|C00021_c|C00155_c|C00212_c
R00200_c	C00002_c|C00008_c|C00022_c|C00074_c
R00200_p	C00002_p|C00008_p|C00022_p|C00074_p
R00206_p	C00002_p|C00009_p|C00013_p|C00020_p|C00022_p|C00074_p
R00209_m	C00003_m|C00004_m|C00010_m|C00011_m|C00022_m|C00024_m
R00209_p	C00003_p|C00004_p|C00010_p|C00011_p|C00022_p|C00024_p
R00214_c	C00003_c|C00004_c|C00011_c|C00022_c|C00149_c
R00216_c	C00005_c|C00006_c|C00011_c|C00022_c|C00149_c
R00216_p	C00005_p|C00006_p|C00011_p|C00022_p|C00149_p
R00219_c	C00011_c|C00022_c|C03981_c
R00220_c	C00014_c|C00022_c|C00065_c
R00224_c	C00008_c|C00011_c|C00022_c|C00084_c
R00233_c	C00011_c|C00024_c|C00083_c
R00236_c	C00010_c|C00020_c|C00024_c|C05993_c
R00236_m	C00010_m|C00020_m|C00024_m|C05993_m
R00238_c	C00010_c|C00024_c|C00332_c
R00238_m	C00010_m|C00024_m|C00332_m
R00238_p	C00010_p|C00024_p|C00332_p
R00238_x	C00010_x|C00024_x|C00332_x
R00239_c	C00002_c|C00008_c|C00025_c|C03287_c
R00243_c	C00001_c|C00003_c|C00004_c|C00014_c|C00025_c|C00026_c|C00080_c
R00243_m	C00001_m|C00003_m|C00004_m|C00014_m|C00025_m|C00026_m|C00080_m
R00245_c	C00001_c|C00003_c|C00004_c|C00025_c|C00080_c|C01165_c
R00251_c	C00001_c|C00002_c|C00008_c|C00009_c|C00025_c|C01879_c
R00253_c	C00002_c|C00008_c|C00009_c|C00014_c|C00025_c|C00064_c
R00253_m	C00002_m|C00008_m|C00009_m|C00014_m|C00025_m|C00064_m
R00253_p	C00002_p|C00008_p|C00009_p|C00014_p|C00025_p|C00064_p
R00257_c	C00001_c|C00002_c|C00003_c|C00013_c|C00020_c|C00025_c|C00064_c|C00857_c
R00258_c	C00022_c|C00025_c|C00026_c|C00041_c
R00258_p	C00022_p|C00025_p|C00026_p|C00041_p
R00259_c	C00010_c|C00024_c|C00025_c|C00624_c
R00261_c	C00011_c|C00025_c|C00334_c
R00267_c	C00005_c|C00006_c|C00011_c|C00026_c|C00080_c|C00311_c
R00267_m	C00005_m|C00006_m|C00011_m|C00026_m|C00080_m|C00311_m
R00274_c	C00001_c|C00027_c|C00051_c|C00127_c
R00281_c	C00003_c|C00004_c|C00028_c|C00030_c|C00080_c
R00286_c	C00001_c|C00003_c|C00004_c|C00029_c|C00080_c|C00167_c
R00289_c	C00013_c|C00029_c|C00075_c|C00103_c
R00291_c	C00029_c|C00052_c
R00293_c	C00001_c|C00029_c|C04089_c
R00308_c	C00001_c|C00031_c|C00965_c
R00310_c	C00032_c|C00080_c|C02191_c|C14818_c
R00316_m	C00002_m|C00013_m|C00033_m|C05993_m
R00328_c	C00001_c|C00009_c|C00035_c|C00144_c
R00330_c	C00002_c|C00008_c|C00035_c|C00044_c
R00332_c	C00002_c|C00008_c|C00035_c|C00144_c
R00335_c	C00001_c|C00009_c|C00035_c|C00044_c
R00341_c	C00002_c|C00008_c|C00011_c|C00036_c|C00074_c
R00342_c	C00003_c|C00004_c|C00036_c|C00080_c|C00149_c
R00342_m	C00003_m|C00004_m|C00036_m|C00080_m|C00149_m
R00342_p	C00003_p|C00004_p|C00036_p|C00080_p|C00149_p
R00342_x	C00003_x|C00004_x|C00036_x|C00080_x|C00149_x
R00343_m	C00005_m|C00006_m|C00036_m|C00080_m|C00149_m
R00343_p	C00005_p|C00006_p|C00036_p|C00080_p|C00149_p
R00344_c	C00002_c|C00008_c|C00009_c|C00022_c|C00036_c|C00288_c
R00345_c	C00001_c|C00009_c|C00011_c|C00036_c|C00074_c
R00351_m	C00001_m|C00010_m|C00024_m|C00036_m|C00158_m
R00351_x	C00001_x|C00010_x|C00024_x|C00036_x|C00158_x
R00352_c	C00002_c|C00008_c|C00009_c|C00010_c|C00024_c|C00036_c|C00158_c
R00355_c	C00025_c|C00026_c|C00036_c|C00049_c
R00355_m	C00025_m|C00026_m|C00036_m|C00049_m
R00355_p	C00025_p|C00026_p|C00036_p|C00049_p
R00369_c	C00022_c|C00037_c|C00041_c|C00048_c
R00372_x	C00025_x|C00026_x|C00037_x|C00048_x
R00376N_c	C00013_c|C00039_c|C00286_c
R00392_c	C00028_c|C00030_c|C00040_c|C00605_c
R00405_m	C00002_m|C00008_m|C00009_m|C00010_m|C00042_m|C00091_m
R00408_m	C00016_m|C00042_m|C00122_m|C01352_m
R00415_c	C00013_c|C00043_c|C00075_c|C04256_c
R00416_c	C00013_c|C00043_c|C00075_c|C04501_c
R00425_c	C00001_c|C00013_c|C00044_c|C00058_c|C01304_c
R00426_c	C00001_c|C00013_c|C00044_c|C00144_c
R00428_c	C00001_c|C00044_c|C05922_c
R00429_c	C00002_c|C00020_c|C00044_c|C04494_c
R00430_c	C00022_c|C00035_c|C00044_c|C00074_c
R00432_c	C00009_c|C00010_c|C00035_c|C00042_c|C00044_c|C00091_c
R00434_c	C00013_c|C00044_c|C00942_c
R00443_c	C00013_c|C00046_c|C00075_c
R00451_c	C00011_c|C00047_c|C00680_c
R00472_x	C00001_x|C00010_x|C00024_x|C00048_x|C00149_x
R00475_x	C00007_x|C00027_x|C00048_x|C00160_x
R00479_x	C00042_x|C00048_x|C00311_x
R00480_c	C00002_c|C00008_c|C00049_c|C03082_c
R00481_c	C00007_c|C00027_c|C00049_c|C05840_c
R00485_c	C00001_c|C00014_c|C00049_c|C00152_c
R00489_c	C00011_c|C00049_c|C00099_c
R00494_c	C00001_c|C00025_c|C00051_c|C01419_c
R00497_c	C00002_c|C00008_c|C00009_c|C00037_c|C00051_c|C00669_c
R00502_c	C00013_c|C00052_c|C00075_c|C00446_c
R00507_c	C00001_c|C00053_c|C00054_c|C00059_c
R00508_c	C00001_c|C00009_c|C00053_c|C00224_c
R00509_c	C00002_c|C00008_c|C00053_c|C00224_c
R00511_c	C00001_c|C00009_c|C00055_c|C00475_c
R00512_c	C00002_c|C00008_c|C00055_c|C00112_c
R00513_c	C00002_c|C00008_c|C00055_c|C00475_c
R00514_c	C00001_c|C00009_c|C00055_c|C00112_c
R00516_c	C00015_c|C00055_c|C00075_c|C00475_c
R00517_c	C00035_c|C00044_c|C00055_c|C00475_c
R00519_x	C00003_x|C00004_x|C00011_x|C00058_x|C00080_x
R00529_c	C00002_c|C00013_c|C00059_c|C00224_c
R00533_c	C00001_c|C00007_c|C00027_c|C00059_c|C00094_c
R00538_c	C00001_c|C00003_c|C00004_c|C00008_c|C00060_c|C00071_c
R00540_c	C00001_c|C00014_c|C00060_c|C00726_c
R00548_c	C00001_c|C00009_c|C00061_c|C00255_c
R00549_c	C00002_c|C00008_c|C00061_c|C00255_c
R00551_c	C00001_c|C00062_c|C00077_c|C00086_c
R00566_c	C00011_c|C00062_c|C00179_c
R00569_c	C00001_c|C00009_c|C00063_c|C00112_c
R00570_c	C00002_c|C00008_c|C00063_c|C00112_c
R00571_c	C00002_c|C00008_c|C00009_c|C00014_c|C00063_c|C00075_c
R00573_c	C00001_c|C00002_c|C00008_c|C00009_c|C00025_c|C00063_c|C00064_c|C00075_c
R00575_c	C00001_c|C00002_c|C00008_c|C00009_c|C00025_c|C00064_c|C00169_c|C00288_c
R00575_m	C00001_m|C00002_m|C00008_m|C00009_m|C00025_m|C00064_m|C00169_m|C00288_m
R00578_c	C00001_c|C00002_c|C00013_c|C00020_c|C00025_c|C00049_c|C00064_c|C00152_c
R00582_c	C00001_c|C00009_c|C00065_c|C01005_c
R00586_c	C00010_c|C00024_c|C00065_c|C00979_c
R00588_x	C00037_x|C00048_x|C00065_x|C00168_x
R00589_c	C00065_c|C00740_c
R00602_c	C00001_c|C00027_c|C00067_c|C00132_c
R00610_c	C00001_c|C00007_c|C00027_c|C00037_c|C00067_c|C00213_c
R00615_c	C00001_c|C00009_c|C00068_c|C01081_c
R00616_c	C00002_c|C00008_c|C00068_c|C03028_c
R00619_c	C00002_c|C00020_c|C00068_c|C00378_c
R00621_m	C00011_m|C00026_m|C00068_m|C05381_m
R00623_c	C00003_c|C00004_c|C00071_c|C00080_c|C00226_c
R00631_c	C00001_c|C00003_c|C00004_c|C00071_c|C00162_c
R00636_c	C00008_c|C00011_c|C00071_c|C00161_c
R00640_c	C00072_c|C00125_c|C00126_c|C01115_c
R00644_c	C00001_c|C00027_c|C00072_c|C05422_c
R00644_tmx	C00001_x|C00027_x|C00072_c|C05422_c
R00645_c	C00072_c|C00080_c|C01041_c
R00649_c	C00019_c|C00021_c|C00073_c|C03172_c
R00650_c	C00019_c|C00021_c|C00073_c|C00155_c
R00658_c	C00001_c|C00074_c|C00631_c
R00658_p	C00001_p|C00074_p|C00631_p
R00662_c	C00001_c|C00013_c|C00075_c|C00105_c
R00667_c	C00025_c|C00026_c|C00077_c|C01165_c
R00669_c	C00001_c|C00033_c|C00077_c|C00437_c
R00685_c	C00011_c|C00078_c|C00398_c
R00691_c	C00001_c|C00011_c|C00079_c|C00826_c
R00694_c	C00025_c|C00026_c|C00079_c|C00166_c
R00697_c	C00014_c|C00079_c|C00423_c
R00698_c	C00079_c|C02505_c
R00699_c	C00011_c|C00079_c|C05332_c
R00702_c	C00013_c|C00080_c|C00448_c|C03428_c
R00703_c	C00003_c|C00004_c|C00022_c|C00080_c|C00186_c
R00705_c	C00003_c|C00004_c|C00010_c|C00011_c|C00024_c|C00080_c|C00222_c
R00709_m	C00003_m|C00004_m|C00011_m|C00026_m|C00080_m|C00311_m
R00710_c	C00001_c|C00003_c|C00004_c|C00033_c|C00080_c|C00084_c
R00711_c	C00001_c|C00005_c|C00006_c|C00033_c|C00080_c|C00084_c
R00713_c	C00001_c|C00003_c|C00004_c|C00042_c|C00080_c|C00232_c
R00714_c	C00001_c|C00005_c|C00006_c|C00042_c|C00080_c|C00232_c
R00715_c	C00001_c|C00003_c|C00004_c|C00026_c|C00047_c|C00080_c|C00449_c
R00716_c	C00001_c|C00005_c|C00006_c|C00026_c|C00047_c|C00080_c|C00449_c
R00719_c	C00001_c|C00009_c|C00081_c|C00104_c
R00720_c	C00001_c|C00013_c|C00081_c|C00130_c
R00722_c	C00002_c|C00008_c|C00081_c|C00104_c
R00734_c	C00025_c|C00026_c|C00082_c|C01179_c
R00736_c	C00011_c|C00082_c|C00483_c
R00737_c	C00014_c|C00082_c|C00811_c
R00742_c	C00002_c|C00008_c|C00009_c|C00024_c|C00083_c|C00288_c
R00742_p	C00002_p|C00008_p|C00009_p|C00024_p|C00083_p|C00288_p
R00750_c	C00022_c|C00084_c|C03589_c
R00754_c	C00003_c|C00004_c|C00080_c|C00084_c|C00469_c
R00755_c	C00068_c|C00084_c|C05125_c
R00756_c	C00002_c|C00008_c|C00085_c|C00354_c
R00760_c	C00002_c|C00008_c|C00085_c|C00095_c
R00762_c	C00001_c|C00009_c|C00085_c|C00354_c
R00762_p	C00001_p|C00009_p|C00085_p|C00354_p
R00763_c	C00001_c|C00009_c|C00085_c|C00665_c
R00764_c	C00008_c|C00009_c|C00013_c|C00085_c|C00354_c
R00766_c	C00015_c|C00029_c|C02591_c|C05345_c
R00768_c	C00025_c|C00064_c|C00085_c|C00352_c
R00769_c	C00008_c|C00015_c|C00075_c|C00085_c|C00354_c
R00770_c	C00008_c|C00081_c|C00085_c|C00104_c|C00354_c
R00771_c	C00085_c|C00092_c
R00776_c	C00048_c|C00086_c|C00603_c
R00782_c	C00001_c|C00014_c|C00022_c|C00097_c|C00283_c
R00790_c	C00001_c|C00014_c|C00080_c|C00088_c|C00138_c|C00139_c
R00790_p	C00001_p|C00014_p|C00080_p|C00088_p|C00138_p|C00139_p
R00794_c	C00001_c|C00003_c|C00004_c|C00080_c|C00088_c|C00244_c
R00801_c	C00001_c|C00031_c|C00089_c|C00095_c
R00802_c	C00001_c|C00089_c|C00267_c|C02336_c
R00805_c	C00001_c|C00009_c|C00089_c|C02591_c
R00806_c	C00015_c|C00029_c|C00089_c|C00095_c
R00829_c	C00010_c|C00024_c|C00091_c|C02232_c
R00834_c	C00005_c|C00006_c|C00080_c|C00092_c|C01096_c
R00840_c	C00092_c|C01177_c
R00842_c	C00003_c|C00004_c|C00080_c|C00093_c|C00111_c
R00847_c	C00002_c|C00008_c|C00093_c|C00116_c
R00848_c	C00016_c|C00093_c|C00111_c|C01352_c
R00851_c	C00010_c|C00040_c|C00093_c|C00681_c
R00859_c	C00001_c|C00094_c|C00138_c|C00139_c|C00283_c
R00867_c	C00002_c|C00008_c|C00095_c|C05345_c
R00875_c	C00003_c|C00004_c|C00080_c|C00095_c|C00794_c
R00876_c	C00008_c|C00081_c|C00085_c|C00095_c|C00104_c
R00878_c	C00095_c|C00267_c
R00883_c	C00009_c|C00035_c|C00096_c|C00636_c
R00887N_c	C00035_c|C00096_c|C00464_c
R00888_c	C00001_c|C00096_c|C01222_c
R00889_c	C00096_c|C02280_c
R00890_c	C00035_c|C00096_c|C02492_c
R00894_c	C00002_c|C00008_c|C00009_c|C00025_c|C00097_c|C00669_c
R00895_c	C00025_c|C00026_c|C00097_c|C00957_c
R00896_c	C00026_c|C00097_c|C00302_c|C00957_c
R00897_c	C00033_c|C00097_c|C00283_c|C00979_c
R00899_c	C00001_c|C00037_c|C00097_c|C01419_c
R00904_c	C00001_c|C00003_c|C00004_c|C00099_c|C05665_c
R00905_c	C00001_c|C00011_c|C00014_c|C00099_c|C02642_c
R00919_c	C00005_c|C00006_c|C00100_c|C00894_c
R00924_c	C00016_c|C00100_c|C00894_c|C01352_c
R00926_c	C00010_c|C00020_c|C00100_c|C05983_c
R00927_c	C00010_c|C00024_c|C00100_c|C03344_c
R00935_c	C00003_c|C00004_c|C00010_c|C00011_c|C00080_c|C00100_c|C06002_c
R00936_c	C00003_c|C00004_c|C00080_c|C00101_c|C00415_c
R00937_c	C00003_c|C00004_c|C00101_c|C00504_c
R00939_c	C00005_c|C00006_c|C00080_c|C00101_c|C00415_c
R00940_c	C00005_c|C00006_c|C00101_c|C00504_c
R00942_c	C00002_c|C00008_c|C00009_c|C00025_c|C00101_c|C09332_c
R00943_c	C00002_c|C00008_c|C00009_c|C00058_c|C00101_c|C00234_c
R00944_c	C00001_c|C00058_c|C00101_c|C00234_c
R00945_c	C00001_c|C00037_c|C00065_c|C00101_c|C00143_c
R00945_m	C00001_m|C00037_m|C00065_m|C00101_m|C00143_m
R00946_c	C00073_c|C00101_c|C00155_c|C00440_c
R00948_c	C00002_c|C00013_c|C00103_c|C00498_c
R00948_p	C00002_p|C00013_p|C00103_p|C00498_p
R00951_c	C00001_c|C00020_c|C00103_c|C00498_c
R00959_c	C00103_c|C00668_c
R00959_p	C00103_p|C00668_p
R00961_c	C00001_c|C00009_c|C00104_c|C00130_c
R00962_c	C00055_c|C00081_c|C00104_c|C00475_c
R00963_c	C00001_c|C00009_c|C00105_c|C00299_c
R00964_c	C00002_c|C00008_c|C00105_c|C00299_c
R00965_c	C00011_c|C00105_c|C01103_c
R00966_c	C00013_c|C00105_c|C00106_c|C00119_c
R00967_c	C00015_c|C00075_c|C00105_c|C00299_c
R00968_c	C00035_c|C00044_c|C00105_c|C00299_c
R00970_c	C00081_c|C00104_c|C00105_c|C00299_c
R00974_c	C00001_c|C00014_c|C00106_c|C00380_c
R00978_c	C00005_c|C00006_c|C00080_c|C00106_c|C00429_c
R00985_c	C00001_c|C00014_c|C00022_c|C00108_c|C00251_c
R00986_c	C00022_c|C00025_c|C00064_c|C00108_c|C00251_c
R00994_c	C00003_c|C00004_c|C00011_c|C00080_c|C00109_c|C06032_c
R00996_c	C00014_c|C00109_c|C00188_c
R00999_c	C00001_c|C00014_c|C00042_c|C00109_c|C01118_c
R01000_c	C00003_c|C00004_c|C00080_c|C00109_c|C05984_c
R01001_c	C00001_c|C00014_c|C00097_c|C00109_c|C02291_c
R01004_c	C00001_c|C00009_c|C00110_c|C00621_c
R01005_c	C00015_c|C00029_c|C00110_c|C01246_c
R01009_c	C00035_c|C00096_c|C00110_c|C03862_c
R01010_c	C00001_c|C00009_c|C00111_c|C00184_c
R01015_c	C00111_c|C00118_c
R01015_p	C00111_p|C00118_p
R01021_c	C00002_c|C00008_c|C00114_c|C00588_c
R01030_c	C00001_c|C00093_c|C00114_c|C00670_c
R01036_c	C00003_c|C00004_c|C00080_c|C00116_c|C00577_c
R01041_c	C00005_c|C00006_c|C00080_c|C00116_c|C00577_c
R01049_c	C00002_c|C00020_c|C00117_c|C00119_c
R01051_c	C00002_c|C00008_c|C00117_c|C00121_c
R01054_c	C00001_c|C00020_c|C00117_c|C00301_c
R01055_c	C00001_c|C00106_c|C00117_c|C01168_c
R01056_c	C00117_c|C00199_c
R01056_p	C00117_p|C00199_p
R01057_c	C00117_c|C00620_c
R01061_c	C00003_c|C00004_c|C00009_c|C00080_c|C00118_c|C00236_c
R01061_p	C00003_p|C00004_p|C00009_p|C00080_p|C00118_p|C00236_p
R01063_p	C00005_p|C00006_p|C00009_p|C00080_p|C00118_p|C00236_p
R01068N_p	C00111_p|C00118_p|C00354_p
R01070N_c	C00111_c|C00118_c|C05378_c
R01070N_p	C00111_p|C00118_p|C05378_p
R01071_c	C00002_c|C00013_c|C00119_c|C02739_c
R01072_c	C00001_c|C00013_c|C00025_c|C00064_c|C00119_c|C03090_c
R01073_c	C00013_c|C00108_c|C00119_c|C04302_c
R01078_c	C00087_c|C00120_c|C01909_c
R01080_c	C00001_c|C00106_c|C00121_c|C00299_c
R01082_m	C00001_m|C00122_m|C00149_m
R01083_c	C00020_c|C00122_c|C03794_c
R01086_c	C00062_c|C00122_c|C03406_c
R01090_c	C00025_c|C00026_c|C00123_c|C00233_c
R01092_c	C00002_c|C00008_c|C00124_c|C00446_c
R01100_c	C00001_c|C00031_c|C00124_c|C00243_c
R01101_c	C00001_c|C00031_c|C00124_c|C05402_c
R01103_c	C00001_c|C00089_c|C00124_c|C00492_c
R01104_c	C00001_c|C00116_c|C00124_c|C05401_c
R01105_c	C00001_c|C00124_c|C05796_c
R01121_c	C00002_c|C00008_c|C00009_c|C00011_c|C00129_c|C01143_c
R01123_c	C00129_c|C00235_c
R01126_c	C00001_c|C00009_c|C00130_c|C00294_c
R01127_c	C00001_c|C00130_c|C04734_c
R01130_c	C00001_c|C00003_c|C00004_c|C00080_c|C00130_c|C00655_c
R01131_c	C00002_c|C00008_c|C00130_c|C00294_c
R01132_c	C00013_c|C00119_c|C00130_c|C00262_c
R01134_c	C00005_c|C00006_c|C00014_c|C00080_c|C00130_c|C00144_c
R01135_c	C00009_c|C00035_c|C00044_c|C00049_c|C00130_c|C03794_c
R01137_c	C00002_c|C00008_c|C00131_c|C00206_c
R01138_c	C00022_c|C00074_c|C00131_c|C00206_c
R01151_c	C00001_c|C00007_c|C00014_c|C00027_c|C00134_c|C00555_c
R01159_c	C00019_c|C00021_c|C00135_c|C01152_c
R01163_c	C00001_c|C00003_c|C00004_c|C00080_c|C00135_c|C01929_c
R01167_c	C00011_c|C00135_c|C00388_c
R01175N_x	C00007_x|C00027_x|C00136_x|C00877_x
R01177_x	C00010_x|C00024_x|C00136_x|C05269_x
R01184_c	C00001_c|C00007_c|C00137_c|C00191_c
R01185_c	C00001_c|C00009_c|C00137_c|C01177_c
R01186_c	C00001_c|C00009_c|C00137_c|C03546_c
R01187_c	C00001_c|C00009_c|C00137_c|C04006_c
R01194_c	C00001_c|C00124_c|C00137_c|C01235_c
R01195_p	C00005_p|C00006_p|C00080_p|C00138_p|C00139_p
R01197_m	C00010_m|C00011_m|C00026_m|C00091_m|C00138_m|C00139_m
R01209_c	C00001_c|C00141_c|C04039_c
R01213_c	C00001_c|C00010_c|C00024_c|C00141_c|C02504_c
R01214_c	C00025_c|C00026_c|C00141_c|C00183_c
R01220_c	C00005_c|C00006_c|C00080_c|C00143_c|C00445_c
R01221_c	C00003_c|C00004_c|C00011_c|C00014_c|C00037_c|C00080_c|C00101_c|C00143_c
R01221_m	C00003_m|C00004_m|C00011_m|C00014_m|C00037_m|C00080_m|C00101_m|C00143_m
R01222_c	C00016_c|C00143_c|C00440_c|C01352_c
R01224_c	C00005_c|C00006_c|C00080_c|C00143_c|C00440_c
R01226_c	C00001_c|C00101_c|C00141_c|C00143_c|C00966_c
R01227_c	C00001_c|C00009_c|C00144_c|C00387_c
R01229_c	C00013_c|C00119_c|C00144_c|C00242_c
R01230_c	C00002_c|C00013_c|C00014_c|C00020_c|C00144_c|C00655_c
R01231_c	C00001_c|C00002_c|C00013_c|C00020_c|C00025_c|C00064_c|C00144_c|C00655_c
R01232_c	C00001_c|C00044_c|C00144_c|C01261_c
R01234_c	C00001_c|C00144_c|C00942_c
R01237_c	C00001_c|C00145_c|C02085_c|C11477_c
R01244_c	C00001_c|C00014_c|C00147_c|C00262_c
R01245_c	C00001_c|C00121_c|C00147_c|C00212_c
R01248_c	C00003_c|C00004_c|C00080_c|C00148_c|C03912_c
R01251_c	C00005_c|C00006_c|C00080_c|C00148_c|C03912_c
R01252_c	C00007_c|C00011_c|C00026_c|C00042_c|C00148_c|C01157_c
R01262_c	C00051_c|C00151_c|C01419_c|C03740_c
R01279_x	C00007_x|C00027_x|C00154_x|C05272_x
R01280_x	C00002_x|C00010_x|C00013_x|C00020_x|C00154_x|C00249_x
R01281_c	C00010_c|C00011_c|C00065_c|C00154_c|C02934_c
R01286_c	C00001_c|C00014_c|C00022_c|C00155_c|C02291_c
R01287_c	C00033_c|C00155_c|C00283_c|C01077_c
R01288_c	C00042_c|C00155_c|C00297_c|C01118_c
R01290_c	C00001_c|C00065_c|C00155_c|C02291_c
R01303_c	C00001_c|C00007_c|C00028_c|C00030_c|C00156_c|C00633_c
R01310_c	C00001_c|C00114_c|C00157_c|C00416_c
R01312_c	C00001_c|C00008_c|C00157_c|C00588_c|C00641_c
R01318_c	C00010_c|C00040_c|C00157_c|C04230_c
R01321_c	C00055_c|C00157_c|C00307_c|C00641_c
R01324_c	C00158_c|C00311_c
R01324_m	C00158_m|C00311_m
R01325_x	C00001_x|C00158_x|C00417_x
R01326_c	C00002_c|C00008_c|C00159_c|C00275_c
R01329_c	C00001_c|C00124_c|C00159_c|C05400_c
R01334_p	C00001_p|C00009_p|C00160_p|C00988_p
R01354_c	C00002_c|C00013_c|C00163_c|C05983_c
R01360_c	C00024_c|C00164_c|C00356_c
R01364_c	C00001_c|C00122_c|C00164_c|C01061_c
R01372_c	C00007_c|C00011_c|C00166_c|C05852_c
R01373_c	C00001_c|C00011_c|C00166_c|C00254_c
R01377_c	C00008_c|C00011_c|C00166_c|C00601_c
R01384_c	C00011_c|C00167_c|C00190_c
R01388_x	C00003_x|C00004_x|C00080_x|C00168_x|C00258_x
R01395_c	C00002_c|C00008_c|C00169_c|C01563_c
R01397_c	C00009_c|C00049_c|C00169_c|C00438_c
R01398_c	C00009_c|C00077_c|C00169_c|C00327_c
R01398_m	C00009_m|C00077_m|C00169_m|C00327_m
R01398_p	C00009_p|C00077_p|C00169_p|C00327_p
R01409_c	C00071_c|C00177_c|C05712_c
R01415_c	C00005_c|C00006_c|C00080_c|C00178_c|C00906_c
R01432_c	C00181_c|C00310_c
R01433_c	C00001_c|C00181_c|C02352_c
R01451_c	C00003_c|C00004_c|C00080_c|C00187_c|C01164_c
R01456_c	C00005_c|C00006_c|C00080_c|C00187_c|C01164_c
R01457_c	C00005_c|C00006_c|C00080_c|C00187_c|C01802_c
R01466_c	C00001_c|C00009_c|C00188_c|C01102_c
R01468_c	C00002_c|C00008_c|C00189_c|C00346_c
R01470_c	C00001_c|C00093_c|C00189_c|C01233_c
R01495_c	C00002_c|C00008_c|C00195_c|C02960_c
R01512_c	C00002_c|C00008_c|C00197_c|C00236_c
R01512_p	C00002_p|C00008_p|C00197_p|C00236_p
R01513_c	C00003_c|C00004_c|C00080_c|C00197_c|C03232_c
R01514_p	C00002_p|C00008_p|C00197_p|C00258_p
R01518_c	C00197_c|C00631_c
R01518_p	C00197_p|C00631_p
R01523_c	C00002_c|C00008_c|C00199_c|C01182_c
R01523_p	C00002_p|C00008_p|C00199_p|C01182_p
R01528_c	C00005_c|C00006_c|C00011_c|C00080_c|C00199_c|C00345_c
R01528_p	C00005_p|C00006_p|C00011_p|C00080_p|C00199_p|C00345_p
R01529_c	C00199_c|C00231_c
R01529_p	C00199_p|C00231_p
R01547_c	C00002_c|C00008_c|C00206_c|C00360_c
R01548_c	C00055_c|C00131_c|C00206_c|C00475_c
R01549_c	C00105_c|C00131_c|C00206_c|C00299_c
R01560_c	C00001_c|C00014_c|C00212_c|C00294_c
R01561_c	C00009_c|C00147_c|C00212_c|C00620_c
R01567_c	C00002_c|C00008_c|C00214_c|C00364_c
R01569_c	C00001_c|C00009_c|C00214_c|C00364_c
R01600_c	C00002_c|C00008_c|C00221_c|C01172_c
R01602_c	C00221_c|C00267_c
R01613_c	C00010_c|C00011_c|C00083_c|C00223_c|C06561_c
R01615_c	C00005_c|C00006_c|C00010_c|C00223_c|C05608_c
R01616_c	C00002_c|C00010_c|C00013_c|C00020_c|C00223_c|C00811_c
R01618_c	C00002_c|C00059_c|C00224_c|C01260_c
R01624_c	C00010_c|C00024_c|C00229_c|C03939_c
R01624_p	C00010_p|C00024_p|C00229_p|C03939_p
R01626_c	C00010_c|C00083_c|C00229_c|C01209_c
R01626_p	C00010_p|C00083_p|C00229_p|C01209_p
R01627_c	C00001_c|C00230_c|C02637_c
R01639_c	C00002_c|C00008_c|C00231_c|C00310_c
R01641_c	C00117_c|C00118_c|C00231_c|C05382_c
R01641_p	C00117_p|C00118_p|C00231_p|C05382_p
R01645_c	C00022_c|C00232_c|C05601_c
R01652_c	C00011_c|C00233_c|C04236_c
R01655_c	C00001_c|C00080_c|C00234_c|C00445_c
R01658_c	C00013_c|C00129_c|C00235_c|C00341_c
R01663_c	C00001_c|C00014_c|C00239_c|C00365_c
R01664_c	C00001_c|C00009_c|C00239_c|C00881_c
R01665_c	C00002_c|C00008_c|C00239_c|C00705_c
R01666_c	C00002_c|C00008_c|C00239_c|C00881_c
R01676_c	C00001_c|C00014_c|C00242_c|C00385_c
R01677_c	C00001_c|C00121_c|C00242_c|C00387_c
R01678_c	C00001_c|C00124_c|C00243_c|C00267_c
R01679_c	C00001_c|C00009_c|C00243_c|C05396_c
R01682_c	C00011_c|C00245_c|C00506_c
R01687_c	C00012_c|C00245_c|C03193_c|C05844_c
R01698_c	C00003_c|C00004_c|C00008_c|C00248_c|C00579_c
R01701_c	C00011_c|C00141_c|C00248_c|C04424_c
R01702_c	C00011_c|C00233_c|C00248_c|C05119_c
R01706_c	C00001_c|C00229_c|C00249_c|C05764_c
R01706_p	C00001_p|C00229_p|C00249_p|C05764_p
R01714_c	C00009_c|C00251_c|C01269_c
R01715_c	C00251_c|C00254_c
R01716_c	C00025_c|C00064_c|C00251_c|C11355_c
R01717_c	C00251_c|C00885_c
R01719_c	C00001_c|C00002_c|C00008_c|C00009_c|C00252_c
R01724_c	C00013_c|C00119_c|C00253_c|C01185_c
R01728_c	C00003_c|C00004_c|C00011_c|C00080_c|C00254_c|C01179_c
R01736_c	C00001_c|C00051_c|C00256_c|C03451_c
R01737_c	C00002_c|C00008_c|C00257_c|C00345_c
R01752_c	C00001_c|C00003_c|C00004_c|C00080_c|C00258_c|C00577_c
R01767_c	C00177_c|C00261_c|C00561_c
R01768_c	C00001_c|C00003_c|C00004_c|C00262_c|C00385_c
R01769_c	C00001_c|C00007_c|C00027_c|C00262_c|C00385_c
R01770_c	C00001_c|C00121_c|C00262_c|C00294_c
R01771_c	C00002_c|C00008_c|C00263_c|C01102_c
R01773_c	C00003_c|C00004_c|C00080_c|C00263_c|C00441_c
R01775_c	C00005_c|C00006_c|C00080_c|C00263_c|C00441_c
R01777_c	C00010_c|C00091_c|C00263_c|C01118_c
R01786_c	C00002_c|C00008_c|C00267_c|C00668_c
R01788_c	C00001_c|C00009_c|C00267_c|C00668_c
R01788_p	C00001_p|C00009_p|C00267_p|C00668_p
R01791_c	C00001_c|C00267_c|C00721_c
R01799_c	C00013_c|C00063_c|C00269_c|C00416_c
R01801_c	C00055_c|C00093_c|C00269_c|C03892_c
R01802_c	C00055_c|C00137_c|C00269_c|C01194_c
R01818_c	C00275_c|C00636_c
R01819_c	C00275_c|C05345_c
R01826_c	C00001_c|C00009_c|C00074_c|C00279_c|C04691_c
R01827_c	C00118_c|C00279_c|C05345_c|C05382_c
R01827_p	C00118_p|C00279_p|C05345_p|C05382_p
R01829_c	C00111_c|C00279_c|C00447_c
R01829_p	C00111_p|C00279_p|C00447_p
R01830_c	C00118_c|C00231_c|C00279_c|C05345_c
R01830_p	C00118_p|C00231_p|C00279_p|C05345_p
R01843_c	C00002_c|C00008_c|C00447_c|C05382_c
R01845_c	C00001_c|C00009_c|C00281_c|C00447_c
R01845_p	C00001_p|C00009_p|C00281_p|C00447_p
R01855_c	C00001_c|C00013_c|C00286_c|C00362_c
R01857_c	C00002_c|C00008_c|C00286_c|C00361_c
R01858_c	C00022_c|C00074_c|C00286_c|C00361_c
R01863_c	C00009_c|C00262_c|C00294_c|C00620_c
R01867_c	C00007_c|C00027_c|C00295_c|C00337_c
R01870_c	C00013_c|C00119_c|C00295_c|C01103_c
R01876_c	C00009_c|C00106_c|C00299_c|C00620_c
R01878_c	C00001_c|C00014_c|C00299_c|C00475_c
R01880_c	C00105_c|C00286_c|C00299_c|C00361_c
R01887_c	C00001_c|C00014_c|C00302_c|C05715_c
R01890_c	C00013_c|C00063_c|C00307_c|C00588_c
R01900_x	C00001_x|C00311_x|C00417_x
R01909_c	C00002_c|C00008_c|C00314_c|C00627_c
R01920_c	C00134_c|C00170_c|C00315_c|C01137_c
R01933_c	C00003_c|C00004_c|C00010_c|C00011_c|C00080_c|C00322_c|C00527_c
R01940_c	C00011_c|C00248_c|C00322_c|C06157_c
R01941_c	C00005_c|C00006_c|C00010_c|C00080_c|C00323_c|C10945_c
R01942_c	C00019_c|C00021_c|C00323_c|C00406_c
R01943_c	C00002_c|C00010_c|C00013_c|C00020_c|C00323_c|C01197_c
R01954_c	C00002_c|C00013_c|C00020_c|C00049_c|C00327_c|C03406_c
R01961_c	C00002_c|C00008_c|C00329_c|C00352_c
R01966_c	C00001_c|C00329_c|C06023_c
R01967_c	C00002_c|C00008_c|C00330_c|C00362_c
R01968_c	C00001_c|C00009_c|C00330_c|C00362_c
R01969_c	C00009_c|C00242_c|C00330_c|C00672_c
R01975_x	C00003_x|C00004_x|C00332_x|C01144_x
R01976_c	C00005_c|C00006_c|C00080_c|C00332_c|C01144_c
R01978_c	C00001_c|C00010_c|C00024_c|C00332_c|C00356_c
R01986_c	C00001_c|C00005_c|C00006_c|C00334_c|C00555_c
R01993_c	C00001_c|C00337_c|C00438_c
R02003_c	C00013_c|C00129_c|C00341_c|C00448_c
R02006_c	C00001_c|C00013_c|C00341_c|C02462_c
R02009_c	C00013_c|C00341_c|C06074_c
R02010_c	C00013_c|C00341_c|C06075_c
R02011_c	C00013_c|C00341_c|C06076_c
R02016_c	C00005_c|C00006_c|C00080_c|C00342_c|C00343_c
R02017_c	C00001_c|C00008_c|C00206_c|C00342_c|C00343_c
R02018_c	C00001_c|C00015_c|C00342_c|C00343_c|C01346_c
R02019_c	C00001_c|C00035_c|C00342_c|C00343_c|C00361_c
R02021_c	C00053_c|C00054_c|C00094_c|C00342_c|C00343_c
R02024_c	C00001_c|C00112_c|C00342_c|C00343_c|C00705_c
R02026_c	C00033_c|C00080_c|C00094_c|C00155_c|C00320_c|C00342_c|C00343_c|C01077_c
R02027_c	C00001_c|C00093_c|C00344_c|C00641_c
R02029_c	C00001_c|C00009_c|C00344_c|C03892_c
R02035_c	C00001_c|C00345_c|C01236_c
R02035_p	C00001_p|C00345_p|C01236_p
R02037_c	C00019_c|C00021_c|C00346_c|C01210_c
R02038_c	C00013_c|C00063_c|C00346_c|C00570_c
R02051_c	C00001_c|C00189_c|C00350_c|C00416_c
R02055_c	C00011_c|C00350_c|C02737_c
R02057_c	C00055_c|C00350_c|C00570_c|C00641_c
R02058_c	C00010_c|C00024_c|C00352_c|C00357_c
R02061_c	C00013_c|C00129_c|C00353_c|C00448_c
R02063_c	C00005_c|C00006_c|C00080_c|C00353_c|C05427_c
R02065_c	C00013_c|C00353_c|C03427_c
R02068_c	C00353_c|C06089_c
R02073_c	C00009_c|C00013_c|C05345_c|C05378_c
R02080_c	C00011_c|C00355_c|C03758_c
R02082_c	C00005_c|C00006_c|C00010_c|C00080_c|C00356_c|C00418_c
R02086_c	C00357_c|C04256_c
R02088_c	C00001_c|C00009_c|C00360_c|C00559_c
R02090_c	C00002_c|C00008_c|C00361_c|C00362_c
R02091_c	C00055_c|C00286_c|C00361_c|C00475_c
R02092_c	C00001_c|C00009_c|C00363_c|C00364_c
R02093_c	C00002_c|C00008_c|C00363_c|C00459_c
R02094_c	C00002_c|C00008_c|C00363_c|C00364_c
R02095_c	C00001_c|C00009_c|C00363_c|C00459_c
R02096_c	C00055_c|C00363_c|C00459_c|C00475_c
R02097_c	C00105_c|C00299_c|C00363_c|C00459_c
R02098_c	C00002_c|C00008_c|C00365_c|C01346_c
R02099_c	C00002_c|C00008_c|C00365_c|C00526_c
R02100_c	C00001_c|C00013_c|C00365_c|C00460_c
R02101_c	C00143_c|C00364_c|C00365_c|C00415_c
R02102_c	C00001_c|C00009_c|C00365_c|C00526_c
R02103_c	C00001_c|C00003_c|C00004_c|C00080_c|C00366_c|C00385_c
R02106_c	C00001_c|C00007_c|C00027_c|C00366_c|C11821_c
R02107_c	C00001_c|C00007_c|C00027_c|C00366_c|C00385_c
R02110_p	C00369_p|C00718_p
R02111_p	C00009_p|C00103_p|C00718_p
R02112N_p	C00208_p|C00369_p
R02124_c	C00003_c|C00004_c|C00080_c|C00376_c|C00473_c
R02142_c	C00013_c|C00119_c|C00385_c|C00655_c
R02143_c	C00001_c|C00121_c|C00385_c|C01762_c
R02147_c	C00009_c|C00242_c|C00387_c|C00620_c
R02150_c	C00001_c|C00007_c|C00014_c|C00027_c|C00388_c|C05130_c
R02157_c	C00019_c|C00021_c|C00389_c|C04443_c
R02158_c	C00015_c|C00029_c|C00389_c|C05623_c
R02160_c	C00001_c|C00007_c|C00011_c|C00026_c|C00042_c|C00389_c|C01617_c
R02166_c	C00080_c|C00390_c|C00399_c
R02173_c	C00001_c|C00007_c|C00014_c|C00027_c|C00398_c|C00637_c
R02175_c	C00019_c|C00021_c|C00399_c|C05805_c
R02193_c	C00005_c|C00006_c|C00010_c|C00080_c|C00406_c|C02666_c
R02194_c	C00002_c|C00010_c|C00013_c|C00020_c|C00406_c|C01494_c
R02198_c	C00025_c|C00026_c|C00407_c|C03465_c
R02199_c	C00025_c|C00026_c|C00407_c|C00671_c
R02220_c	C00005_c|C00006_c|C00010_c|C00411_c|C05610_c
R02221_c	C00002_c|C00010_c|C00013_c|C00020_c|C00411_c|C00482_c
R02235_c	C00003_c|C00004_c|C00080_c|C00415_c|C00504_c
R02236_c	C00005_c|C00006_c|C00080_c|C00415_c|C00504_c
R02237_c	C00002_c|C00008_c|C00009_c|C00025_c|C00415_c|C00921_c
R02239_c	C00001_c|C00009_c|C00416_c|C00641_c
R02240_c	C00002_c|C00008_c|C00416_c|C00641_c
R02241_c	C00010_c|C00040_c|C00416_c|C00681_c
R02245_c	C00002_c|C00008_c|C00418_c|C01107_c
R02253_c	C00001_c|C00005_c|C00006_c|C00007_c|C00080_c|C00423_c|C00811_c
R02255_c	C00002_c|C00010_c|C00013_c|C00020_c|C00423_c|C00540_c
R02261_c	C00022_c|C00424_c|C03979_c
R02269_c	C00001_c|C00429_c|C02642_c
R02272_c	C00430_c|C03741_c
R02282_c	C00025_c|C00077_c|C00437_c|C00624_c
R02283_c	C00025_c|C00026_c|C00437_c|C01250_c
R02291_c	C00005_c|C00006_c|C00009_c|C00080_c|C00441_c|C03082_c
R02292_c	C00001_c|C00022_c|C00441_c|C03340_c
R02296_c	C00009_c|C00380_c|C00475_c|C00620_c
R02297_c	C00009_c|C00385_c|C00620_c|C01762_c
R02300_c	C00001_c|C00445_c|C03479_c
R02301_c	C00002_c|C00008_c|C00009_c|C00445_c|C03479_c
R02313_c	C00001_c|C00003_c|C00004_c|C00025_c|C00080_c|C00449_c|C04076_c
R02320_c	C00022_c|C00074_c|C00201_c|C00454_c
R02323_c	C00001_c|C00009_c|C00455_c|C03150_c
R02326_c	C00002_c|C00008_c|C00458_c|C00705_c
R02327_c	C00105_c|C00299_c|C00458_c|C00705_c
R02331_c	C00002_c|C00008_c|C00460_c|C01346_c
R02332_c	C00105_c|C00299_c|C00460_c|C01346_c
R02340_c	C00118_c|C00463_c|C03506_c
R02351_c	C00001_c|C00005_c|C00006_c|C00007_c|C00058_c|C00080_c|C00468_c|C05297_c
R02362_c	C00001_c|C00132_c|C00470_c|C00714_c
R02371_c	C00055_c|C00458_c|C00475_c|C00705_c
R02372_c	C00055_c|C00460_c|C00475_c|C01346_c
R02379_c	C00019_c|C00021_c|C00482_c|C05619_c
R02380_c	C00015_c|C00029_c|C00482_c|C01175_c
R02382_c	C00001_c|C00007_c|C00014_c|C00027_c|C00483_c|C03765_c
R02383_c	C00001_c|C00003_c|C00004_c|C00007_c|C00008_c|C00483_c|C03758_c
R02408_c	C00001_c|C00014_c|C00022_c|C00491_c|C01962_c
R02410_c	C00001_c|C00095_c|C00492_c|C05402_c
R02411_c	C00089_c|C00137_c|C00492_c|C01235_c
R02412_c	C00002_c|C00008_c|C00493_c|C03175_c
R02413_c	C00005_c|C00006_c|C00080_c|C00493_c|C02637_c
R02418_c	C00001_c|C00145_c|C00496_c|C04090_c
R02421_p	C00008_p|C00498_p|C00718_p
R02422_c	C00001_c|C00086_c|C00499_c|C00603_c
R02425_c	C00001_c|C00499_c|C02350_c
R02433_c	C00026_c|C00302_c|C00506_c|C05528_c
R02435_c	C00053_c|C00054_c|C00506_c|C02218_c
R02442_c	C00001_c|C00005_c|C00006_c|C00007_c|C00080_c|C00509_c|C05631_c
R02444_c	C00007_c|C00011_c|C00026_c|C00042_c|C00509_c|C00974_c
R02446_c	C00509_c|C06561_c
R02464_c	C00346_c|C00517_c|C01120_c
R02466_c	C00011_c|C00519_c|C00606_c
R02473_c	C00002_c|C00013_c|C00020_c|C00099_c|C00522_c|C00864_c
R02484_c	C00009_c|C00106_c|C00526_c|C00672_c
R02485_c	C00001_c|C00014_c|C00526_c|C00881_c
R02487_c	C00011_c|C00016_c|C00527_c|C00877_c|C01352_c
R02488_c	C00011_c|C00028_c|C00030_c|C00527_c|C00877_c
R02493_c	C00002_c|C00008_c|C00534_c|C00647_c
R02506_c	C00005_c|C00006_c|C00010_c|C00080_c|C00540_c|C00903_c
R02518_c	C00001_c|C00005_c|C00006_c|C00007_c|C00011_c|C00080_c|C00544_c|C05585_c
R02519_c	C00007_c|C00544_c|C01036_c
R02521_c	C00007_c|C00011_c|C00544_c|C01179_c
R02529_c	C00001_c|C00007_c|C00014_c|C00027_c|C00546_c|C01888_c
R02530_c	C00051_c|C00546_c|C03451_c
R02549_c	C00001_c|C00003_c|C00004_c|C00080_c|C00334_c|C00555_c
R02556_c	C00001_c|C00014_c|C00559_c|C05512_c
R02557_c	C00009_c|C00147_c|C00559_c|C00672_c
R02565_c	C00001_c|C00003_c|C00004_c|C00080_c|C00576_c|C00719_c
R02566_c	C00001_c|C00005_c|C00006_c|C00576_c|C00719_c
R02568_c	C00111_c|C00577_c|C01094_c
R02569_c	C00010_c|C00024_c|C15973_c|C16255_c
R02570N_m	C00010_m|C00091_m|C15973_m|C16254_m
R02571_c	C00010_c|C00527_c|C00579_c|C06157_c
R02581_c	C00005_c|C00006_c|C00080_c|C00584_c|C00639_c
R02584_c	C00002_c|C00008_c|C00585_c|C01167_c
R02593_c	C00005_c|C00006_c|C00080_c|C00590_c|C02666_c
R02594_c	C00015_c|C00029_c|C00590_c|C00761_c
R02596_c	C00590_c|C05615_c
R02613_c	C00001_c|C00007_c|C00014_c|C00027_c|C00601_c|C05332_c
R02619_c	C00026_c|C00302_c|C00606_c|C05527_c
R02649_c	C00002_c|C00008_c|C00624_c|C04133_c
R02661_c	C00016_c|C00630_c|C01352_c|C03460_c
R02662_c	C00010_c|C00579_c|C00630_c|C04424_c
R02669_c	C00008_c|C00011_c|C00632_c|C01987_c
R02670_c	C00007_c|C00027_c|C00632_c|C05640_c
R02671_c	C00632_c|C05831_c|C10905_c
R02676_c	C00177_c|C00633_c|C03742_c
R02678_c	C00001_c|C00003_c|C00004_c|C00080_c|C00637_c|C00954_c
R02681_c	C00001_c|C00007_c|C00008_c|C00027_c|C00637_c|C00954_c
R02691_c	C00015_c|C00052_c|C00641_c|C03692_c
R02699_c	C00002_c|C00008_c|C00010_c|C00013_c|C00020_c|C00642_c|C05338_c
R02701_c	C00011_c|C00643_c|C00780_c
R02719_c	C00001_c|C00009_c|C00655_c|C01762_c
R02720_c	C00001_c|C00013_c|C00655_c|C00700_c
R02722_c	C00001_c|C00065_c|C00078_c|C00118_c|C03506_c
R02731_c	C00001_c|C00009_c|C00665_c|C05345_c
R02732_c	C00002_c|C00008_c|C00665_c|C05345_c
R02734_c	C00001_c|C00042_c|C00666_c|C04421_c
R02735_c	C00666_c|C00680_c
R02736_c	C00005_c|C00006_c|C00080_c|C01172_c|C01236_c
R02736_p	C00005_p|C00006_p|C00080_p|C01172_p|C01236_p
R02737_c	C00015_c|C00029_c|C00668_c|C00689_c
R02739_c	C00668_c|C01172_c
R02739_p	C00668_p|C01172_p
R02740_c	C00668_c|C05345_c
R02740_p	C00668_p|C05345_p
R02748_c	C00009_c|C00262_c|C00672_c|C05512_c
R02749_c	C00672_c|C00673_c
R02750_c	C00002_c|C00008_c|C00673_c|C01801_c
R02756_c	C00005_c|C00006_c|C00080_c|C00681_c|C03372_c
R02771_c	C00001_c|C00687_c|C00842_c
R02778_c	C00001_c|C00009_c|C00689_c|C01083_c
R02805_c	C00001_c|C00655_c|C00700_c|C04392_c
R02811_c	C00177_c|C00709_c|C05712_c
R02829_c	C00001_c|C00005_c|C00006_c|C00007_c|C00008_c|C00726_c|C05712_c
R02832_c	C00005_c|C00006_c|C00080_c|C00729_c|C00783_c
R02834_c	C00003_c|C00004_c|C00080_c|C00735_c|C00762_c
R02836_c	C00005_c|C00006_c|C00080_c|C00735_c|C00762_c
R02846_c	C00008_c|C00177_c|C00283_c|C00736_c|C02512_c
R02869_c	C00170_c|C00315_c|C00750_c|C01137_c
R02872_c	C00005_c|C00006_c|C00013_c|C00080_c|C00751_c|C03428_c
R02873_c	C00001_c|C00007_c|C00028_c|C00030_c|C00751_c|C01054_c
R02874_c	C00001_c|C00005_c|C00006_c|C00007_c|C00080_c|C00751_c|C01054_c
R02886_c	C00001_c|C00185_c|C00760_c
R02887_c	C00001_c|C00221_c|C00760_c
R02889_c	C00015_c|C00029_c|C00760_c
R02898_c	C00766_c|C09321_c
R02912_c	C00780_c|C05659_c|C10905_c
R02918_c	C00002_c|C00013_c|C00020_c|C00082_c|C00787_c|C02839_c
R02926_c	C00001_c|C00124_c|C00794_c|C05399_c
R02940_c	C00001_c|C00003_c|C00004_c|C00804_c|C05985_c
R02946_c	C00003_c|C00004_c|C00080_c|C00810_c|C03044_c
R02950_c	C00001_c|C00007_c|C00811_c|C01197_c
R02952_c	C00011_c|C00811_c|C05627_c
R02957_c	C00001_c|C00003_c|C00004_c|C00080_c|C00818_c|C02670_c
R02978_c	C00005_c|C00006_c|C00080_c|C00836_c|C02934_c
R02979_c	C00016_c|C00319_c|C00836_c|C01352_c
R02984_c	C00842_c|C02097_c
R03008_c	C00007_c|C00011_c|C00026_c|C00042_c|C00859_c|C03579_c
R03009_c	C00007_c|C00011_c|C00026_c|C00042_c|C00859_c|C02035_c
R03012_c	C00003_c|C00004_c|C00080_c|C00860_c|C01929_c
R03013_c	C00001_c|C00009_c|C00860_c|C01100_c
R03024_c	C00001_c|C00009_c|C00870_c|C03360_c
R03026_x	C00001_x|C00877_x|C01144_x
R03038_c	C00002_c|C00013_c|C00020_c|C00041_c|C00886_c|C01635_c
R03045_c	C00001_c|C00894_c|C05668_c
R03050_c	C00022_c|C00068_c|C00900_c|C05125_c
R03051_c	C00005_c|C00006_c|C00080_c|C00900_c|C04039_c
R03055_c	C00001_c|C00906_c|C05100_c
R03057_c	C00001_c|C00909_c|C02165_c
R03066_c	C00013_c|C00568_c|C00921_c|C04807_c
R03067_c	C00013_c|C00568_c|C00921_c|C04807_c
R03075_c	C00031_c|C00114_c|C00933_c|C01175_c
R03077_c	C00013_c|C00075_c|C00935_c|C03906_c
R03083_c	C00009_c|C00944_c|C04691_c
R03084_c	C00001_c|C00944_c|C02637_c
R03087_c	C00058_c|C00951_c|C05295_c
R03093_c	C00001_c|C00014_c|C00954_c|C02938_c
R03094_c	C00015_c|C00029_c|C00954_c|C04197_c
R03104_c	C00003_c|C00004_c|C00957_c|C05823_c
R03123_c	C00005_c|C00006_c|C00080_c|C00974_c|C03648_c
R03124_c	C00001_c|C00005_c|C00006_c|C00007_c|C00974_c|C01617_c
R03126_c	C00001_c|C00007_c|C00011_c|C00026_c|C00042_c|C00974_c|C05903_c
R03132_c	C00033_c|C00320_c|C00979_c|C05824_c
R03139_c	C00001_c|C00007_c|C00014_c|C00027_c|C00986_c|C05665_c
R03140_p	C00007_p|C00197_p|C00988_p|C01182_p
R03165_c	C00001_c|C01024_c|C01051_c
R03172_c	C00016_c|C01033_c|C01352_c|C03345_c
R03174_c	C00010_c|C00579_c|C01033_c|C05118_c
R03182_c	C00002_c|C00008_c|C00009_c|C00011_c|C01037_c|C01909_c
R03194_c	C00019_c|C00021_c|C01051_c|C02463_c
R03197_c	C00011_c|C01051_c|C03263_c
R03199_c	C01054_c|C01724_c
R03200_c	C01054_c|C01902_c
R03203_c	C00005_c|C00006_c|C00080_c|C01058_c|C01985_c
R03209_c	C00002_c|C00010_c|C00013_c|C00020_c|C01063_c|C02656_c
R03210_c	C00010_c|C00011_c|C00041_c|C01063_c|C01092_c
R03213_c	C00015_c|C00029_c|C01069_c|C03719_c
R03217_c	C00033_c|C00097_c|C01077_c|C02291_c
R03220_c	C00001_c|C00007_c|C00011_c|C01079_c|C03263_c
R03222_c	C00001_c|C00007_c|C01079_c|C02191_c
R03223_c	C00013_c|C01081_c|C04327_c|C04752_c
R03231_c	C00019_c|C01037_c|C01092_c|C04425_c
R03243_c	C00025_c|C00026_c|C01100_c|C01267_c
R03244_c	C01101_c|C03291_c
R03245_c	C00002_c|C00008_c|C01107_c|C01143_c
R03254_c	C00001_c|C00009_c|C00074_c|C01112_c|C04478_c
R03260_c	C00042_c|C00097_c|C01118_c|C02291_c
R03267_c	C00015_c|C00029_c|C01495_c|C03946_c
R03269_c	C00011_c|C01134_c|C04352_c
R03270_c	C00068_c|C00248_c|C01136_c|C05125_c
R03283_c	C00001_c|C00003_c|C00004_c|C00080_c|C01149_c|C01181_c
R03284_c	C00037_c|C01149_c|C01259_c
R03291_c	C00003_c|C00004_c|C00080_c|C01157_c|C04281_c
R03293_c	C00005_c|C00006_c|C00080_c|C01157_c|C04281_c
R03310_c	C00001_c|C00003_c|C00004_c|C00007_c|C00080_c|C01164_c|C01189_c
R03313_c	C00005_c|C00006_c|C00009_c|C00080_c|C01165_c|C03287_c
R03316N_m	C00068_m|C05381_m|C15972_m|C16254_m
R03321_c	C01172_c|C05345_c
R03323_c	C00031_c|C00149_c|C01175_c|C02887_c
R03332_c	C00001_c|C00008_c|C00641_c|C01177_c|C01194_c
R03341_c	C00011_c|C01179_c|C03765_c
R03346_c	C00001_c|C00009_c|C01185_c|C05841_c
R03347_c	C00002_c|C00008_c|C01185_c|C05841_c
R03348_c	C00011_c|C00013_c|C00119_c|C01185_c|C03722_c
R03350_c	C00001_c|C00009_c|C01187_c|C04478_c
R03351_c	C00013_c|C00063_c|C01187_c|C04121_c
R03353_c	C01189_c|C03845_c
R03354_c	C00008_c|C00015_c|C00052_c|C01190_c|C01290_c
R03355_c	C00001_c|C00962_c|C01190_c|C01290_c
R03361_c	C00002_c|C00008_c|C01194_c|C01277_c
R03362_c	C00002_c|C00008_c|C01194_c|C04549_c
R03366_c	C00019_c|C00021_c|C01197_c|C01494_c
R03367_c	C00011_c|C01197_c|C06224_c
R03393_c	C00001_c|C00009_c|C01220_c|C03546_c
R03401_c	C00005_c|C00006_c|C00008_c|C01226_c|C04780_c
R03408_c	C00001_c|C00005_c|C00006_c|C00007_c|C00080_c|C01227_c|C05139_c
R03418_c	C00137_c|C00492_c|C01235_c|C01613_c
R03425_m	C00011_m|C00037_m|C01242_m|C02051_m
R03427_c	C00001_c|C00009_c|C01243_c|C04063_c
R03443_c	C00005_c|C00006_c|C00009_c|C00080_c|C01250_c|C04133_c
R03457_c	C00001_c|C01267_c|C04666_c
R03458_c	C00005_c|C00006_c|C00080_c|C01268_c|C04454_c
R03459_c	C00001_c|C00014_c|C01268_c|C01304_c
R03460_c	C00009_c|C00074_c|C01269_c|C03175_c
R03469_c	C00002_c|C00008_c|C01277_c|C04637_c
R03472_c	C01279_c|C03373_c
R03503_c	C00002_c|C00020_c|C01300_c|C04807_c
R03504_c	C00266_c|C01300_c|C04874_c
R03508_c	C00001_c|C00011_c|C01302_c|C03506_c
R03509_c	C01302_c|C04302_c
R03522_c	C00051_c|C01318_c|C01322_c|C02320_c
R03524_c	C00097_c|C00283_c|C01326_c|C02512_c
R03527_c	C00001_c|C00267_c|C01335_c|C01798_c
R03530_c	C00002_c|C00008_c|C01344_c|C01345_c
R03531_c	C00001_c|C00013_c|C01345_c|C06196_c
R03532_c	C00001_c|C00027_c|C00028_c|C00030_c
R03540_c	C00001_c|C00014_c|C01384_c|C01596_c
R03542_c	C00001_c|C00014_c|C01401_c|C05714_c
R03546_c	C00011_c|C00080_c|C00288_c|C01417_c|C01563_c
R03599_c	C00028_c|C00030_c|C00041_c|C01528_c|C05688_c
R03600_c	C00001_c|C00080_c|C00138_c|C00139_c|C01528_c|C05684_c
R03601_c	C00033_c|C00979_c|C01528_c|C05688_c
R03605_c	C00015_c|C00029_c|C01533_c|C02325_c
R03616_c	C00001_c|C00116_c|C01582_c|C05401_c
R03632_c	C00002_c|C00008_c|C01609_c|C02729_c
R03634_c	C00001_c|C00124_c|C00492_c|C01613_c
R03635_c	C00001_c|C00095_c|C01613_c|C05404_c
R03636_c	C00005_c|C00006_c|C01617_c|C05906_c
R03640_c	C00007_c|C00011_c|C00026_c|C00042_c|C01617_c|C05631_c
R03646_c	C00002_c|C00013_c|C00020_c|C00062_c|C01636_c|C02163_c
R03647_c	C00002_c|C00013_c|C00020_c|C00049_c|C01637_c|C06113_c
R03648_c	C00002_c|C00013_c|C00020_c|C00152_c|C01637_c|C03402_c
R03650_c	C00002_c|C00013_c|C00020_c|C00097_c|C01639_c|C03125_c
R03651N_m	C00002_m|C00013_m|C00020_m|C00025_m|C01640_m|C06112_m
R03652N_c	C00002_c|C00013_c|C00020_c|C00064_c|C01640_c|C02282_c
R03654_c	C00002_c|C00013_c|C00020_c|C00037_c|C01642_c|C02412_c
R03655_c	C00002_c|C00013_c|C00020_c|C00135_c|C01643_c|C02988_c
R03656_c	C00002_c|C00013_c|C00020_c|C00407_c|C01644_c|C03127_c
R03657N_c	C00002_c|C00013_c|C00020_c|C00123_c|C01645_c|C02047_c
R03658N_c	C00002_c|C00013_c|C00020_c|C00047_c|C01646_c|C01931_c
R03659N_c	C00002_c|C00013_c|C00020_c|C00073_c|C01647_c|C02430_c
R03660_c	C00002_c|C00013_c|C00020_c|C00079_c|C01648_c|C03511_c
R03661_c	C00002_c|C00013_c|C00020_c|C00148_c|C01649_c|C02702_c
R03662_c	C00002_c|C00013_c|C00020_c|C00065_c|C01650_c|C02553_c
R03663_c	C00002_c|C00013_c|C00020_c|C00188_c|C01651_c|C02992_c
R03664_c	C00002_c|C00013_c|C00020_c|C00078_c|C01652_c|C03512_c
R03665_c	C00002_c|C00013_c|C00020_c|C00183_c|C01653_c|C02554_c
R03674_c	C00011_c|C01693_c|C05578_c
R03678_c	C00138_c|C00139_c|C00500_c|C05913_c
R03689_c	C00005_c|C00006_c|C00080_c|C01724_c|C05109_c
R03719_c	C00010_c|C00100_c|C01794_c|C05467_c
R03738_c	C00001_c|C00398_c|C01852_c|C03470_c
R03775_c	C01943_c|C02141_c
R03777N_x	C00007_x|C00027_x|C01944_x|C05276_x
R03778_x	C00010_x|C00024_x|C01944_x|C05265_x
R03806_c	C00001_c|C00007_c|C00011_c|C00026_c|C00042_c|C02034_c|C06095_c
R03807_c	C00011_c|C02034_c|C02035_c
R03809_c	C00007_c|C00011_c|C00026_c|C00042_c|C02035_c|C06096_c
R03815_c	C00003_c|C00004_c|C00080_c|C02051_c|C02972_c
R03824_c	C00028_c|C00030_c|C00080_c|C02094_c|C05435_c
R03827_c	C00005_c|C00006_c|C00080_c|C02099_c|C02345_c
R03829_c	C00035_c|C00096_c|C01810_c|C02101_c
R03845_c	C00005_c|C00006_c|C00080_c|C02139_c|C02880_c
R03847_c	C00003_c|C00004_c|C00080_c|C02140_c|C05490_c
R03848_c	C00005_c|C00006_c|C00080_c|C02140_c|C05490_c
R03857N_x	C00007_x|C00027_x|C01832_x|C03221_x
R03858_x	C00010_x|C00024_x|C01832_x|C05261_x
R03867_c	C00001_c|C00302_c|C02166_c|C05951_c
R03869_c	C00001_c|C00003_c|C00004_c|C02170_c|C06002_c
R03876_c	C00002_c|C00013_c|C00020_c|C00496_c|C02188_c|C03635_c
R03877_c	C00001_c|C00002_c|C00008_c|C00009_c|C00080_c|C00305_c|C02191_c|C03516_c
R03880_c	C00015_c|C02199_c|C03946_c|C04194_c
R03916_c	C00001_c|C00025_c|C02320_c|C05729_c
R03918_c	C00005_c|C00006_c|C02325_c|C05610_c
R03919_c	C02325_c|C05615_c
R03920_c	C00002_c|C00008_c|C02336_c|C05345_c
R03921_c	C00001_c|C00668_c|C02336_c|C02591_c
R03925_c	C02348_c|C02350_c
R03928_c	C00015_c|C00190_c|C02352_c
R03940_c	C00101_c|C00234_c|C02430_c|C03294_c
R03943_c	C00019_c|C00021_c|C02442_c|C06199_c
R03955_c	C02470_c|C05830_c
R03966_c	C02501_c|C03453_c
R03968_c	C00001_c|C02504_c|C02631_c
R03970_c	C00001_c|C00025_c|C02512_c|C05711_c
R03971_c	C00001_c|C00011_c|C00302_c|C02512_c|C06114_c
R03990N_x	C00007_x|C00027_x|C02593_x|C05273_x
R03991_x	C00010_x|C00024_x|C02593_x|C05259_x
R04001_c	C00001_c|C02631_c|C04411_c
R04004_c	C00005_c|C00006_c|C02646_c|C05608_c
R04005_c	C00015_c|C00029_c|C02646_c|C05855_c
R04007_c	C02646_c|C05615_c
R04008_c	C00011_c|C02647_c|C05935_c
R04019_c	C00001_c|C01582_c|C02686_c|C06126_c
R04027_c	C00007_c|C00014_c|C00027_c|C02723_c|C06178_c
R04035_c	C00001_c|C00013_c|C02739_c|C02741_c
R04037_c	C00001_c|C02741_c|C04896_c
R04053_c	C00011_c|C02798_c|C03167_c
R04065_c	C00001_c|C00003_c|C00004_c|C00080_c|C02835_c|C05130_c
R04093_c	C00001_c|C02937_c|C02938_c
R04094_c	C00001_c|C00031_c|C00059_c|C00087_c|C02938_c|C05837_c
R04095_c	C00016_c|C01352_c|C02939_c|C03069_c
R04097_c	C00010_c|C00579_c|C02939_c|C05119_c
R04109_c	C00005_c|C00006_c|C00080_c|C01641_c|C02987_c|C03741_c
R04125_c	C00014_c|C00101_c|C00143_c|C01242_c|C02972_c
R04131_c	C00001_c|C03063_c|C05601_c
R04134_c	C03063_c|C05600_c
R04137_c	C00001_c|C03069_c|C05998_c
R04138_c	C00002_c|C00008_c|C00009_c|C00288_c|C03069_c|C03231_c
R04144_c	C00002_c|C00008_c|C00009_c|C00037_c|C03090_c|C03838_c
R04162_c	C00001_c|C00009_c|C03201_c|C05977_c
R04170_x	C00001_x|C03221_x|C05262_x
R04172_c	C00011_c|C03227_c|C05636_c
R04173_c	C00025_c|C00026_c|C01005_c|C03232_c
R04198_c	C00003_c|C00004_c|C00080_c|C03340_c|C03972_c
R04199_c	C00005_c|C00006_c|C00080_c|C03340_c|C03972_c
R04203_c	C00003_c|C00004_c|C00008_c|C03344_c|C04405_c
R04204_c	C00001_c|C03345_c|C04405_c
R04208_c	C00002_c|C00008_c|C00009_c|C03373_c|C04640_c
R04209_c	C00011_c|C03373_c|C04751_c
R04223_c	C00001_c|C00011_c|C03453_c|C03589_c
R04224_c	C00001_c|C03460_c|C06000_c
R04225_c	C00011_c|C00248_c|C03465_c|C05118_c
R04237_c	C00019_c|C00021_c|C03516_c|C04536_c
R04238_c	C00001_c|C00008_c|C00066_c|C03523_c|C03880_c
R04242_c	C00101_c|C03541_c|C05930_c
R04247_c	C00013_c|C00063_c|C03557_c|C05673_c
R04254_c	C00010_c|C03561_c|C06143_c
R04254_m	C00010_m|C03561_m|C06143_m
R04254_p	C00010_p|C03561_p|C06143_p
R04254_x	C00010_x|C03561_x|C06143_x
R04257_c	C03582_c|C05901_c
R04273_c	C03633_c|C03798_c
R04276_c	C00001_c|C00007_c|C00011_c|C00026_c|C00042_c|C03648_c|C05904_c
R04292_c	C00001_c|C00009_c|C00111_c|C03722_c|C05840_c
R04300_c	C00001_c|C00007_c|C00014_c|C00027_c|C03758_c|C04043_c
R04313_c	C00001_c|C00017_c|C03793_c|C05546_c
R04319_c	C00005_c|C00006_c|C00008_c|C00658_c|C04512_c
R04325_c	C00101_c|C00234_c|C03838_c|C04376_c
R04326_c	C00001_c|C00101_c|C00445_c|C03838_c|C04376_c
R04343_c	C00015_c|C00470_c|C00617_c
R04355_c	C00011_c|C00229_c|C01209_c|C03939_c|C05744_c
R04355_p	C00011_p|C00229_p|C01209_p|C03939_p|C05744_p
R04360_c	C00005_c|C00006_c|C03715_c|C03968_c
R04361_c	C00010_c|C00040_c|C03968_c|C05977_c
R04365_c	C00001_c|C00010_c|C00091_c|C03972_c|C04462_c
R04377_c	C00015_c|C00029_c|C04046_c|C06040_c
R04378_c	C00013_c|C00119_c|C04051_c|C04677_c
R04385_c	C00002_c|C00008_c|C00009_c|C00288_c|C04419_c|C06250_c
R04386_c	C00024_c|C00083_c|C04419_c|C06250_c
R04405_c	C00073_c|C00155_c|C04144_c|C04489_c
R04426_c	C00003_c|C00004_c|C00080_c|C04236_c|C04411_c
R04427_c	C00019_c|C00021_c|C04525_c|C05437_c
R04428_c	C00001_c|C04246_c|C04618_c
R04428_p	C00001_p|C04246_p|C04618_p
R04429_c	C00003_c|C00004_c|C04246_c|C05745_c
R04429_p	C00003_p|C00004_p|C04246_p|C05745_p
R04432_c	C00100_c|C00894_c|C04253_c|C04570_c
R04440_c	C00005_c|C00006_c|C04181_c|C04272_c
R04441_c	C00001_c|C00141_c|C04272_c
R04444_c	C00001_c|C00003_c|C00004_c|C00008_c|C04281_c|C05947_c
R04445_c	C00001_c|C00005_c|C00006_c|C00008_c|C04281_c|C05947_c
R04448_c	C00002_c|C00008_c|C04294_c|C04327_c
R04457_c	C00001_c|C00009_c|C04332_c|C04732_c|C15556_c
R04463_c	C00001_c|C00002_c|C00008_c|C00009_c|C00025_c|C00064_c|C04376_c|C04640_c
R04470_c	C00001_c|C01582_c|C03692_c|C06037_c
R04475_c	C00025_c|C00026_c|C04421_c|C04462_c
R04506_c	C00001_c|C00003_c|C00004_c|C00080_c|C04554_c|C05445_c
R04509_c	C00002_c|C00008_c|C04556_c|C04752_c
R04513_c	C00001_c|C00009_c|C04637_c|C05981_c
R04515_c	C00001_c|C00011_c|C04575_c|C05411_c
R04533_c	C00005_c|C00006_c|C04618_c|C05744_c
R04533_p	C00005_p|C00006_p|C04618_p|C05744_p
R04534_c	C00005_c|C00006_c|C04619_c|C05753_c
R04534_p	C00005_p|C00006_p|C04619_p|C05753_p
R04535_c	C00001_c|C04619_c|C05754_c
R04535_p	C00001_p|C04619_p|C05754_p
R04536_c	C00005_c|C00006_c|C04620_c|C05750_c
R04536_p	C00005_p|C00006_p|C04620_p|C05750_p
R04537_c	C00001_c|C04620_c|C05751_c
R04537_p	C00001_p|C04620_p|C05751_p
R04543_c	C00005_c|C00006_c|C04633_c|C05762_c
R04543_p	C00005_p|C00006_p|C04633_p|C05762_p
R04544_c	C00001_c|C04633_c|C05763_c
R04544_p	C00001_p|C04633_p|C05763_p
R04546_c	C00010_c|C00100_c|C04644_c|C05337_c
R04547_c	C00016_c|C01352_c|C04644_c|C05447_c
R04558_c	C00025_c|C00064_c|C04666_c|C04677_c|C04916_c
R04559_c	C00122_c|C04677_c|C04823_c
R04560_c	C00101_c|C00234_c|C04677_c|C04734_c
R04566_c	C00005_c|C00006_c|C04688_c|C05759_c
R04566_p	C00005_p|C00006_p|C04688_p|C05759_p
R04567_c	C00043_c|C00229_c|C04688_c|C04738_c
R04568_c	C00001_c|C04688_c|C05760_c
R04568_p	C00001_p|C04688_p|C05760_p
R04591_c	C00002_c|C00008_c|C00009_c|C00049_c|C04751_c|C04823_c
R04592_c	C00016_c|C01352_c|C04760_c|C05460_c
R04621_c	C00001_c|C00009_c|C04874_c|C05925_c
R04638_c	C00001_c|C00013_c|C04895_c|C05925_c
R04639N_c	C00001_c|C04895_c|C06148_c
R04640_c	C04896_c|C04916_c
R04658_c	C00055_c|C04121_c|C04919_c|C06024_c
R04666_c	C00001_c|C00011_c|C00014_c|C05100_c|C05145_c
R04671_c	C05110_c|C05111_c
R04672_c	C00022_c|C00068_c|C05125_c|C06010_c
R04673_c	C00068_c|C00109_c|C05125_c|C06006_c
R04686_c	C05158_c|C05839_c
R04711_c	C00019_c|C00021_c|C05200_c|C05313_c
R04724_c	C00003_c|C00004_c|C05223_c|C05758_c
R04724_p	C00003_p|C00004_p|C05223_p|C05758_p
R04726_c	C00011_c|C00229_c|C01209_c|C05223_c|C05759_c
R04726_p	C00011_p|C00229_p|C01209_p|C05223_p|C05759_p
R04732_c	C00011_c|C05239_c|C05516_c
R04737_x	C00003_x|C00004_x|C05258_x|C05259_x
R04738_x	C00001_x|C05258_x|C05272_x
R04739_x	C00003_x|C00004_x|C05260_x|C05261_x
R04740_x	C00001_x|C05260_x|C05273_x
R04741_x	C00003_x|C00004_x|C05262_x|C05263_x
R04742_x	C00010_x|C00024_x|C05263_x|C05274_x
R04743_x	C00003_x|C00004_x|C05264_x|C05265_x
R04744_x	C00001_x|C05264_x|C05275_x
R04745_x	C00003_x|C00004_x|C05266_x|C05267_x
R04746_x	C00001_x|C05266_x|C05276_x
R04747_x	C00010_x|C00024_x|C05267_x|C05270_x
R04748_x	C00003_x|C00004_x|C05268_x|C05269_x
R04749_x	C00001_x|C05268_x|C05271_x
R04751N_x	C00007_x|C00027_x|C05270_x|C05271_x
R04754N_x	C00007_x|C00027_x|C05274_x|C05275_x
R04757_c	C00003_c|C00004_c|C00080_c|C05284_c|C05285_c
R04758_c	C00005_c|C00006_c|C00080_c|C05284_c|C05285_c
R04764_c	C00019_c|C00021_c|C05301_c|C05302_c
R04771_c	C00001_c|C00002_c|C00009_c|C00013_c|C05335_c|C05691_c
R04772_c	C00019_c|C00021_c|C05335_c|C05690_c
R04773_c	C00002_c|C00013_c|C00020_c|C01647_c|C05335_c|C05336_c
R04777_c	C00010_c|C00037_c|C05338_c|C05596_c
R04779_c	C00002_c|C00008_c|C05345_c|C05378_c
R04779_p	C00002_p|C00008_p|C05345_p|C05378_p
R04780_c	C00001_c|C00009_c|C05345_c|C05378_c
R04780_p	C00001_p|C00009_p|C05345_p|C05378_p
R04783_c	C00001_c|C00221_c|C05394_c|C05403_c
R04784_c	C00001_c|C00011_c|C04575_c|C05412_c
R04786_c	C00282_c|C05413_c|C05414_c
R04787_c	C05414_c|C05430_c
R04798_c	C00282_c|C05430_c|C05431_c
R04800_c	C00001_c|C00007_c|C00028_c|C00030_c|C05431_c|C05432_c
R04801_c	C00028_c|C00030_c|C00080_c|C05431_c|C05434_c
R04803_c	C00028_c|C00030_c|C00282_c|C05434_c|C05435_c
R04804_c	C05437_c|C05439_c
R04805_c	C00003_c|C00004_c|C05444_c|C05445_c
R04810_c	C00003_c|C00004_c|C00008_c|C05448_c|C05449_c
R04811_c	C00010_c|C00100_c|C05449_c|C05461_c
R04839_c	C00003_c|C00004_c|C00080_c|C05476_c|C05478_c
R04840_c	C00005_c|C00006_c|C00080_c|C05476_c|C05478_c
R04858_c	C00019_c|C00021_c|C00856_c|C02967_c
R04859_c	C00033_c|C00080_c|C00094_c|C00097_c|C00320_c|C00342_c|C00343_c|C00979_c
R04867_c	C00019_c|C00021_c|C05545_c|C05546_c
R04869_c	C00012_c|C05552_c|C06250_c
R04880_c	C00003_c|C00004_c|C05576_c|C05577_c
R04885_c	C00011_c|C05578_c|C05604_c
R04900_c	C00015_c|C02199_c|C05623_c|C05625_c
R04901_c	C00005_c|C00006_c|C00080_c|C05631_c|C05907_c
R04903_c	C00001_c|C00003_c|C00004_c|C00080_c|C05634_c|C05635_c
R04906_c	C05635_c|C05832_c
R04910_c	C00005_c|C00006_c|C05641_c|C05656_c
R04920_c	C00055_c|C00165_c|C05673_c|C05675_c
R04928_c	C00002_c|C00008_c|C05686_c|C05696_c
R04929_c	C00002_c|C00013_c|C05686_c|C05697_c
R04935_c	C00012_c|C03193_c|C05689_c|C05695_c
R04936_c	C00001_c|C00212_c|C05692_c|C05698_c
R04939_c	C05691_c|C05692_c|C05693_c|C05694_c
R04941_c	C00001_c|C00014_c|C00022_c|C05698_c|C05699_c
R04944_c	C00009_c|C05688_c|C05699_c|C05702_c
R04945_c	C00033_c|C05688_c|C05699_c|C05700_c
R04946_c	C00042_c|C05688_c|C05699_c|C05701_c
R04949_c	C00001_c|C00293_c|C05712_c|C05713_c
R04951_c	C00037_c|C05726_c|C05729_c
R04952_c	C00011_c|C00229_c|C01209_c|C05745_c|C05746_c
R04952_p	C00011_p|C00229_p|C01209_p|C05745_p|C05746_p
R04953_c	C00005_c|C00006_c|C05746_c|C05747_c
R04953_p	C00005_p|C00006_p|C05746_p|C05747_p
R04954_c	C00001_c|C05747_c|C05748_c
R04954_p	C00001_p|C05747_p|C05748_p
R04955_c	C00003_c|C00004_c|C05748_c|C05749_c
R04955_p	C00003_p|C00004_p|C05748_p|C05749_p
R04957_c	C00011_c|C00229_c|C01209_c|C05749_c|C05750_c
R04957_p	C00011_p|C00229_p|C01209_p|C05749_p|C05750_p
R04958_c	C00003_c|C00004_c|C05751_c|C05752_c
R04958_p	C00003_p|C00004_p|C05751_p|C05752_p
R04960_c	C00011_c|C00229_c|C01209_c|C05752_c|C05753_c
R04960_p	C00011_p|C00229_p|C01209_p|C05752_p|C05753_p
R04961_c	C00003_c|C00004_c|C05754_c|C05755_c
R04961_p	C00003_p|C00004_p|C05754_p|C05755_p
R04963_c	C00011_c|C00229_c|C01209_c|C05755_c|C05756_c
R04963_p	C00011_p|C00229_p|C01209_p|C05755_p|C05756_p
R04964_c	C00005_c|C00006_c|C05756_c|C05757_c
R04964_p	C00005_p|C00006_p|C05756_p|C05757_p
R04965_c	C00001_c|C05757_c|C05758_c
R04965_p	C00001_p|C05757_p|C05758_p
R04966_c	C00003_c|C00004_c|C05760_c|C05761_c
R04966_p	C00003_p|C00004_p|C05760_p|C05761_p
R04968_c	C00011_c|C00229_c|C01209_c|C05761_c|C05762_c
R04968_p	C00011_p|C00229_p|C01209_p|C05761_p|C05762_p
R04969_c	C00003_c|C00004_c|C05763_c|C05764_c
R04969_p	C00003_p|C00004_p|C05763_p|C05764_p
R04972_c	C00011_c|C05766_c|C05768_c
R04982_c	C00001_c|C00007_c|C05802_c|C05803_c
R04983_c	C00019_c|C00021_c|C05803_c|C05804_c
R04984_c	C00001_c|C00005_c|C00006_c|C00007_c|C00008_c|C05804_c|C05805_c
R04986_c	C00008_c|C00011_c|C05809_c|C05810_c
R04988_c	C00019_c|C00021_c|C05811_c|C05812_c
R04989_c	C00001_c|C00005_c|C00006_c|C00007_c|C00008_c|C05812_c|C05813_c
R04990_c	C00019_c|C00021_c|C05813_c|C05814_c
R04993_c	C00019_c|C00021_c|C00828_c|C05818_c
R04998_c	C00001_c|C00031_c|C05838_c|C05839_c
R05027_c	C00015_c|C00043_c|C05888_c|C05889_c
R05028_c	C00002_c|C00008_c|C00009_c|C00014_c|C05889_c|C05890_c
R05030_c	C00002_c|C00008_c|C00009_c|C00014_c|C05893_c|C05894_c
R05032_c	C00015_c|C00043_c|C05897_c|C05898_c
R05033_c	C00002_c|C00008_c|C00009_c|C00014_c|C05898_c|C05899_c
R05035_c	C00019_c|C00021_c|C05902_c|C05903_c
R05036_c	C00001_c|C00007_c|C00011_c|C00026_c|C00042_c|C05905_c|C05906_c
R05037_c	C00001_c|C00007_c|C00011_c|C00026_c|C00042_c|C05908_c|C05909_c
R05038_c	C00005_c|C00006_c|C00080_c|C02906_c|C05909_c
R05039_c	C00007_c|C00011_c|C00026_c|C00042_c|C02906_c|C05911_c
R05046_c	C00001_c|C00058_c|C05922_c|C05923_c
R05048_c	C05923_c|C06148_c
R05050_c	C00001_c|C00003_c|C00004_c|C00080_c|C02946_c|C05936_c
R05052_c	C00025_c|C00026_c|C05946_c|C05947_c
R05066_c	C00003_c|C00004_c|C00080_c|C06001_c|C06002_c
R05068_c	C00005_c|C00006_c|C00080_c|C06007_c|C14463_c
R05069_c	C06006_c|C14463_c
R05070_c	C00001_c|C00671_c|C06007_c
R05071_c	C04181_c|C06010_c
R05074_c	C00055_c|C04121_c|C06024_c|C06025_c
R05085_c	C00025_c|C00026_c|C06054_c|C06055_c
R05086_c	C00001_c|C00009_c|C06055_c|C06056_c
R05092_c	C00013_c|C06089_c|C06090_c
R05097_c	C00007_c|C00011_c|C00026_c|C00042_c|C06094_c|C06095_c
R05119_c	C00001_c|C00003_c|C00004_c|C06144_c|C06145_c
R05136_c	C00001_c|C00022_c|C06202_c|C06203_c
R05179_c	C00019_c|C00021_c|C06403_c|C06404_c
R05196N_c	C00208_c|C00293_c|C00718_c
R05196N_p	C00208_p|C00293_p|C00718_p
R05197_c	C00002_c|C00008_c|C00009_c|C00025_c|C05928_c|C05929_c
R05201_c	C03167_c|C05776_c|C06452_c|C06453_c
R05202_c	C00002_c|C00008_c|C01204_c|C01284_c
R05243_c	C00003_c|C00004_c|C00008_c|C06599_c|C06600_c
R05258_c	C00001_c|C00005_c|C00006_c|C00007_c|C00008_c|C00088_c|C00472_c|C00870_c
R05265_c	C00001_c|C00007_c|C00080_c|C00088_c|C02235_c|C02814_c
R05337_c	C00001_c|C02331_c|C11062_c
R05341_c	C05432_c|C05435_c
R05351_c	C00003_c|C00004_c|C00008_c|C00010_c|C00024_c|C06548_c
R05352_c	C00080_c|C05359_c|C07112_c|C07113_c
R05376_c	C00011_c|C06640_c|C06641_c
R05395_c	C00003_c|C00004_c|C00080_c|C06649_c|C06650_c
R05396_c	C00005_c|C00006_c|C00080_c|C06649_c|C06650_c
R05397_c	C00003_c|C00004_c|C00008_c|C07093_c|C07094_c
R05450_c	C00001_c|C00003_c|C00004_c|C00007_c|C00008_c|C00544_c|C05852_c
R05452_c	C00002_c|C00008_c|C00010_c|C00013_c|C00020_c|C07114_c|C07118_c
R05487_c	C00001_c|C00003_c|C00004_c|C00007_c|C00008_c|C05852_c|C07086_c
R05488_c	C00001_c|C00005_c|C00006_c|C00007_c|C00008_c|C00016_c|C01352_c|C02083_c|C07083_c
R05492_c	C00007_c|C04623_c|C06649_c
R05494_c	C00001_c|C00007_c|C00080_c|C05359_c|C06711_c|C07715_c
R05506_c	C00010_c|C00024_c|C00512_c|C07118_c
R05511_c	C00001_c|C00008_c|C04706_c|C06329_c
R05549_c	C00001_c|C00124_c|C05402_c|C05404_c
R05553_c	C00022_c|C00568_c|C11355_c
R05555_c	C00013_c|C00129_c|C00448_c|C11356_c
R05556_c	C00013_c|C00129_c|C05859_c|C11356_c
R05577_c	C00002_c|C00013_c|C00020_c|C00049_c|C01638_c|C02984_c
R05578_c	C00002_c|C00013_c|C00020_c|C00025_c|C01641_c|C02987_c
R05579_c	C00028_c|C00030_c|C00527_c|C02411_c
R05583_c	C00028_c|C00030_c|C09824_c|C09825_c
R05586_c	C00010_c|C00024_c|C00527_c|C06715_c
R05591_c	C00001_c|C00014_c|C00180_c|C09814_c
R05593_c	C00001_c|C06714_c|C09825_c
R05595_c	C00001_c|C00877_c|C05116_c
R05611_c	C00013_c|C00129_c|C04146_c|C04216_c
R05615_c	C00013_c|C00156_c|C04146_c|C05809_c
R05616_c	C00013_c|C00156_c|C01230_c|C13425_c
R05617_c	C00011_c|C00013_c|C03657_c|C04146_c|C05818_c
R05618_c	C00001_c|C01389_c|C02139_c|C05306_c
R05625_c	C00146_c|C01371_c|C02734_c|C06235_c
R05633_c	C00008_c|C00013_c|C00063_c|C11434_c|C11435_c
R05634_c	C00002_c|C00008_c|C11435_c|C11436_c
R05636_c	C00011_c|C00022_c|C00118_c|C11437_c
R05637_c	C00055_c|C11436_c|C11453_c
R05639_c	C00005_c|C00006_c|C00008_c|C05108_c|C11455_c
R05640_c	C00001_c|C00005_c|C00006_c|C00007_c|C00058_c|C00080_c|C01724_c|C11455_c
R05644_c	C00002_c|C00013_c|C06397_c|C07838_c
R05648_c	C00001_c|C00022_c|C11426_c|C11427_c
R05657_c	C05693_c|C05694_c|C11432_c|C11433_c
R05662_c	C00015_c|C00043_c|C04851_c|C05893_c
R05688_c	C00005_c|C00006_c|C00080_c|C11434_c|C11437_c
R05692_c	C00005_c|C00006_c|C00080_c|C00325_c|C01222_c
R05703_c	C00005_c|C00006_c|C00008_c|C01189_c|C05439_c
R05723_c	C00001_c|C00007_c|C00011_c|C00026_c|C00042_c|C01617_c|C05906_c
R05759_c	C00019_c|C00021_c|C08491_c|C11512_c
R05765_c	C00013_c|C00341_c|C06308_c
R05766_c	C00013_c|C00341_c|C06307_c
R05769_c	C00015_c|C00029_c|C00530_c|C06186_c
R05775_c	C00001_c|C00029_c|C11481_c|C11521_c
R05825_c	C00001_c|C00011_c|C00132_c|C11632_c|C11633_c
R05841_c	C00010_c|C00037_c|C00582_c|C05598_c
R05875_p	C00003_p|C00004_p|C00080_p|C00138_p|C00139_p
R05883_c	C00001_c|C02315_c|C02582_c|C11453_c|C11811_c
R05884_c	C00001_c|C00005_c|C00006_c|C00080_c|C00129_c|C11811_c
R05916_c	C00015_c|C00043_c|C01194_c|G00143_c
R05919_c	C00110_c|C03862_c|G00145_c|G00146_c
R05922_c	C00110_c|C03862_c|G00148_c|G00149_c
R05961_c	C00001_c|C00984_c|G00092_c|G00093_c
R05963_c	C00001_c|C01132_c|G00093_c|G00094_c
R05968_c	C00035_c|C00325_c|G00097_c|G00099_c
R05969_c	C00043_c|C00105_c|C00110_c|G00001_c
R05970N_c	C00015_c|C00043_c|G00001_c|G00002_c
R05972N_c	C00035_c|G00002_c|G00003_c|G10614_c
R05973_c	C00035_c|G00003_c|G00004_c|G10614_c
R05976_c	C00621_c|C03021_c|G00008_c|G00009_c
R05979_c	C00001_c|C00031_c|G00009_c|G00171_c
R05982_c	C00001_c|C00159_c|G00011_c|G00012_c
R05983_c	C00015_c|C00043_c|G00012_c|G00013_c
R05984_c	C00001_c|C00159_c|G00013_c|G00014_c
R06004_c	C00001_c|C01132_c|G00108_c|G00109_c
R06010_c	C00001_c|C01582_c|G00109_c|G00110_c
R06015_c	G00015_c|G00178_c|G10615_c|G10620_c
R06016_c	G00015_c|G00179_c|G10613_c|G10619_c
R06024_c	C00035_c|C00325_c|G00050_c|G00055_c
R06027_c	C00035_c|C00325_c|G00051_c|G00052_c
R06031_c	C00035_c|C00325_c|G00057_c|G00058_c
R06035_c	C00035_c|C00325_c|G00067_c|G00071_c
R06041_c	C00035_c|C00325_c|G00073_c|G00074_c
R06042_c	C00137_c|G00249_c|G00278_c|G10488_c
R06085N_c	C00035_c|C00325_c|G00078_c|G04561_c
R06086_c	C00035_c|C00325_c|G00079_c|G04561_c
R06088_c	C00001_c|C00267_c|C02336_c|G00370_c
R06128_c	C00035_c|G00006_c|G10526_c|G10614_c
R06156_c	C00035_c|C00325_c|G00037_c|G00044_c
R06170_c	C00035_c|C00325_c|G00038_c|G00039_c
R06223_c	C00005_c|C00006_c|C00013_c|C00080_c|C00448_c|C00751_c
R06258_c	C00110_c|C03862_c|G00006_c|G10595_c
R06259_c	C00110_c|C03862_c|G10595_c|G10596_c
R06261_c	C00110_c|C03862_c|G00007_c|G10597_c
R06262_c	C00110_c|G00007_c|G10598_c|G10618_c
R06263_c	C00110_c|G10598_c|G10599_c|G10618_c
R06264_c	C00110_c|G00008_c|G10599_c|G10618_c
R06265_c	C00001_c|C00005_c|C00006_c|C00007_c|C00080_c|C04536_c|C11829_c
R06266_c	C00001_c|C00005_c|C00006_c|C00007_c|C00080_c|C11829_c|C11830_c
R06267_c	C00001_c|C00005_c|C00006_c|C00007_c|C00080_c|C11830_c|C11831_c
R06284_c	C00013_c|C02139_c|C05306_c|C05427_c
R06286_c	C00005_c|C00006_c|C00080_c|C11831_c|C11832_c
R06291_c	C00001_c|C00005_c|C00006_c|C00007_c|C00080_c|C06090_c|C11872_c
R06292_c	C00001_c|C00005_c|C00006_c|C00007_c|C00080_c|C11872_c|C11873_c
R06293_c	C00001_c|C00005_c|C00006_c|C00007_c|C11873_c|C11874_c
R06294_c	C00001_c|C00005_c|C00006_c|C00007_c|C00080_c|C11874_c|C11875_c
R06295_c	C00001_c|C00005_c|C00006_c|C00007_c|C00080_c|C06093_c|C11875_c
R06296_c	C00001_c|C00005_c|C00006_c|C00007_c|C00080_c|C11875_c|C11876_c
R06297_c	C00001_c|C00005_c|C00006_c|C00007_c|C06093_c|C11857_c
R06322_c	C00007_c|C00011_c|C00026_c|C00042_c|C11857_c|C11860_c
R06323_c	C00001_c|C00007_c|C00011_c|C00026_c|C00042_c|C11860_c|C11861_c
R06326_c	C00011_c|C11861_c|C11863_c
R06336_c	C00007_c|C00011_c|C00026_c|C00042_c|C11863_c|C11864_c
R06337_c	C00007_c|C00011_c|C00026_c|C00042_c|C11863_c|C11865_c
R06338_c	C00007_c|C00011_c|C00026_c|C00042_c|C11864_c|C11868_c
R06345_c	C03579_c|C11870_c
R06364_c	C00055_c|C00570_c|C03201_c|C04475_c
R06366_c	C00001_c|C00003_c|C00004_c|C00080_c|C02576_c|C11924_c
R06367_c	C00001_c|C00002_c|C00008_c|C00009_c|C00010_c|C11924_c|C11929_c
R06368_c	C00001_c|C00002_c|C00010_c|C00013_c|C00020_c|C11924_c|C11929_c
R06369_c	C00001_c|C11929_c|C11934_c
R06370_c	C00028_c|C00030_c|C11934_c|C11935_c
R06401_c	C00001_c|C00028_c|C00030_c|C09880_c|C11938_c
R06402_c	C00001_c|C00007_c|C00028_c|C00030_c|C11938_c|C11939_c
R06404_c	C00001_c|C00007_c|C00080_c|C09880_c|C11941_c
R06405_c	C00080_c|C09884_c|C11941_c
R06411_c	C00001_c|C11946_c|C11947_c
R06412_c	C00001_c|C11945_c|C11947_c
R06413_c	C00003_c|C00004_c|C00080_c|C11947_c|C11948_c
R06414_c	C00010_c|C00100_c|C11948_c|C11949_c
R06415_c	C00001_c|C00010_c|C11949_c|C11950_c
R06421_c	C00341_c|C11393_c
R06422_c	C09844_c|C11393_c
R06447_c	C00013_c|C00129_c|C04574_c|C11356_c
R06513_c	C00001_c|C00842_c|C11907_c
R06516_c	C00346_c|C00517_c|C06124_c
R06518_c	C00001_c|C00162_c|C00836_c|C12126_c
R06519_c	C00001_c|C00007_c|C00028_c|C00030_c|C00195_c|C12126_c
R06520_c	C00001_c|C00009_c|C00836_c|C01120_c
R06521_c	C00001_c|C00009_c|C00319_c|C06124_c
R06534_c	C00015_c|C00029_c|C05904_c|C12137_c
R06535_c	C00015_c|C00029_c|C05905_c|C08604_c
R06536_c	C00015_c|C00029_c|C05908_c|C12138_c
R06537_c	C00001_c|C00005_c|C00006_c|C00007_c|C00080_c|C01477_c|C01514_c
R06538_c	C00001_c|C00005_c|C00006_c|C00007_c|C00080_c|C00389_c|C05903_c
R06539_c	C00001_c|C00007_c|C00011_c|C00026_c|C00042_c|C02906_c|C10107_c
R06540_c	C00001_c|C00007_c|C00011_c|C00026_c|C00042_c|C00974_c|C03648_c
R06541_c	C00005_c|C00006_c|C00080_c|C05904_c|C12128_c
R06542_c	C00005_c|C00006_c|C00080_c|C05905_c|C09727_c
R06543_c	C00005_c|C00006_c|C00080_c|C05908_c|C12136_c
R06556_c	C08650_c|C09762_c
R06568_c	C00223_c|C08650_c
R06569_c	C00005_c|C00006_c|C00010_c|C00080_c|C12203_c|C12204_c
R06601_c	C00001_c|C11821_c|C12248_c
R06605_c	C00011_c|C00080_c|C02348_c|C12248_c
R06610_c	C00005_c|C00006_c|C00080_c|C00509_c|C12124_c
R06611_c	C00015_c|C00029_c|C05903_c|C12249_c
R06735_c	C00729_c|C12452_c
R06736_c	C02066_c|C12453_c
R06740_c	C00001_c|C00007_c|C00014_c|C00027_c|C01672_c|C12455_c
R06838_c	C00001_c|C00008_c|C02222_c|C12838_c
R06847_c	C00003_c|C00004_c|C00080_c|C00493_c|C02637_c
R06851_c	C00001_c|C00005_c|C00006_c|C00007_c|C00008_c|C00530_c|C02814_c
R06853_c	C02814_c|C07103_c
R06854_c	C00001_c|C00472_c|C07103_c
R06858_c	C00011_c|C00013_c|C03657_c|C05427_c|C13309_c
R06859_c	C00019_c|C00021_c|C02059_c|C13309_c
R06860_c	C00011_c|C00022_c|C00026_c|C00885_c|C05817_c
R06867_c	C00015_c|C00165_c|C11521_c|C13508_c
R06868_c	C00019_c|C00021_c|C01210_c|C13482_c
R06869_c	C00019_c|C00021_c|C00588_c|C13482_c
R06872_c	C00010_c|C00040_c|C00093_c|C03974_c
R06895_c	C00011_c|C00019_c|C00073_c|C01079_c|C03263_c|C05198_c
R06905_c	C00080_c|C14116_c|C14117_c
R06906_c	C00001_c|C14117_c|C14118_c
R06907_c	C00080_c|C14118_c|C14119_c
R06908_c	C00010_c|C00091_c|C14119_c|C14120_c
R06913_c	C00001_c|C00022_c|C14086_c|C14087_c
R06916_c	C00001_c|C00003_c|C00004_c|C00007_c|C00008_c|C14082_c|C14089_c
R06917_c	C00003_c|C00004_c|C00080_c|C14089_c|C14090_c
R06920_c	C14092_c|C14093_c
R06923_c	C00001_c|C00022_c|C14095_c|C14096_c
R06925_c	C00011_c|C00805_c|C14097_c
R06926_c	C00001_c|C00003_c|C00004_c|C00007_c|C00008_c|C02909_c|C14098_c
R06927_c	C00003_c|C00004_c|C00080_c|C02909_c|C14099_c
R06940_c	C00001_c|C00058_c|C00571_c|C11519_c
R06941_c	C00003_c|C00004_c|C00008_c|C02232_c|C14145_c
R06942_c	C00001_c|C14144_c|C14145_c
R06943_c	C00016_c|C01352_c|C14143_c|C14144_c
R06944_c	C00002_c|C00008_c|C00010_c|C00013_c|C00020_c|C06104_c|C14143_c
R06946_c	C00001_c|C00003_c|C00004_c|C00007_c|C00080_c|C06098_c|C08579_c
R06947_c	C00001_c|C00003_c|C00004_c|C00007_c|C00080_c|C08579_c|C08614_c
R06952_c	C00007_c|C13431_c|C13453_c|C14044_c
R06953_c	C00007_c|C13433_c|C13453_c|C14045_c
R06957_c	C00001_c|C00007_c|C00027_c|C06082_c|C13455_c
R06960_c	C05431_c|C14146_c
R06961_c	C08586_c|C14146_c
R06962_c	C05433_c|C08586_c
R06963_c	C05432_c|C08586_c
R06965_c	C05433_c|C05435_c
R06973_c	C00008_c|C00011_c|C00084_c|C00222_c
R06983_c	C00003_c|C00004_c|C00080_c|C01031_c|C14180_c
R07002_c	C00051_c|C14786_c|C14791_c
R07003_c	C00051_c|C14787_c|C14793_c
R07004_c	C00051_c|C14787_c|C14792_c
R07023_c	C00051_c|C14802_c|C14803_c
R07024_c	C00051_c|C14802_c|C14804_c
R07025_c	C00051_c|C14800_c|C14805_c
R07026_c	C00051_c|C14800_c|C14806_c
R07034_c	C00001_c|C00051_c|C00127_c|C04805_c|C05356_c
R07035_c	C00001_c|C00051_c|C00127_c|C04742_c|C05966_c
R07069_c	C00051_c|C14839_c|C14847_c
R07070_c	C00051_c|C14840_c|C14848_c
R07083_c	C00051_c|C14851_c|C14855_c
R07084_c	C00001_c|C00051_c|C14852_c|C14856_c
R07091_c	C00051_c|C14858_c|C14861_c
R07092_c	C00051_c|C01327_c|C14857_c|C14865_c
R07093_c	C00051_c|C01327_c|C14859_c|C14864_c
R07094_c	C00051_c|C01327_c|C14863_c|C14865_c
R07100_c	C00051_c|C01327_c|C06790_c|C14868_c
R07105_c	C00001_c|C00003_c|C00004_c|C00080_c|C06899_c|C07490_c
R07113_c	C00051_c|C11088_c|C13645_c|C14874_c
R07116_c	C00051_c|C13645_c|C14870_c|C14871_c
R07140_c	C00005_c|C00006_c|C00008_c|C01031_c|C14180_c
R07178_c	C00001_c|C00072_c|C05422_c|C08579_c|C08614_c
R07179_c	C00001_c|C00072_c|C05422_c|C06098_c|C08579_c
R07184_c	C00007_c|C00011_c|C00026_c|C00042_c|C02034_c|C12308_c
R07199_c	C00001_c|C00005_c|C00006_c|C00007_c|C00080_c|C06098_c|C08579_c
R07200_c	C00001_c|C00005_c|C00006_c|C00007_c|C00080_c|C08579_c|C08614_c
R07261_c	C00454_c|C00718_c|C15541_c
R07263_c	C00001_c|C03160_c|C15547_c
R07269_c	C00013_c|C00129_c|C04509_c|C04574_c
R07270_c	C00013_c|C03427_c|C05413_c
R07281_c	C00058_c|C00199_c|C15556_c
R07329_c	C00007_c|C00011_c|C00026_c|C00042_c|C00766_c|C15570_c
R07344_c	C00766_c|C15589_c
R07350_c	C00005_c|C00006_c|C00080_c|C15596_c|C15597_c
R07351_c	C00003_c|C00004_c|C00080_c|C02003_c|C15598_c
R07352_c	C00005_c|C00006_c|C00080_c|C02003_c|C15598_c
R07360_c	C00001_c|C00007_c|C00027_c|C00097_c|C06751_c|C15604_c
R07366_c	C00001_c|C00007_c|C00011_c|C00026_c|C00042_c|C05906_c|C12316_c
R07368_c	C00001_c|C00007_c|C00011_c|C00026_c|C00042_c|C01495_c|C15570_c
R07376_c	C00065_c|C00189_c|C00350_c|C02737_c
R07377_c	C00065_c|C00114_c|C00157_c|C02737_c
R07382_c	C00010_c|C00040_c|C15646_c|C15647_c
R07384_c	C00055_c|C00570_c|C03454_c|C04756_c
R07385_c	C00001_c|C00189_c|C04756_c|C15647_c
R07396_c	C00025_c|C00026_c|C00073_c|C01180_c
R07409_c	C00001_c|C00007_c|C00080_c|C00114_c|C00138_c|C00139_c|C00576_c
R07411_c	C00032_c|C15672_c
R07412_c	C15670_c|C15672_c
R07413_c	C00001_c|C00333_c|C02273_c
R07429_c	C00005_c|C00006_c|C15785_c|C15786_c
R07430_c	C00001_c|C00005_c|C00006_c|C00007_c|C15789_c|C15790_c
R07431_c	C00001_c|C00007_c|C00028_c|C00030_c|C15790_c|C15791_c
R07436_c	C00223_c|C00323_c
R07437_c	C00005_c|C00006_c|C00080_c|C02646_c|C05608_c
R07440_c	C00001_c|C00005_c|C00006_c|C00007_c|C00080_c|C01494_c|C05619_c
R07441_c	C00001_c|C00003_c|C00004_c|C00080_c|C00482_c|C05610_c
R07442_c	C00001_c|C00005_c|C00006_c|C00080_c|C00482_c|C05610_c
R07443_c	C12205_c|C15807_c
R07444_c	C15791_c|C15792_c
R07445_c	C00001_c|C00005_c|C00006_c|C00007_c|C01789_c|C15795_c
R07447_c	C00005_c|C00006_c|C15796_c|C15797_c
R07448_c	C00001_c|C00007_c|C15798_c|C15799_c
R07449_c	C15799_c|C15800_c
R07450_c	C00001_c|C00007_c|C15802_c|C15803_c
R07451_c	C15794_c|C15803_c
R07452_c	C00001_c|C00005_c|C00006_c|C00007_c|C15785_c|C15796_c
R07453_c	C00001_c|C00005_c|C00006_c|C00007_c|C15786_c|C15797_c
R07454_c	C00001_c|C00005_c|C00006_c|C00007_c|C15787_c|C15798_c
R07455_c	C00001_c|C00007_c|C15791_c|C15799_c
R07457_c	C00001_c|C00007_c|C15792_c|C15800_c
R07458_c	C00001_c|C00007_c|C15793_c|C15801_c
R07460_c	C00041_c|C00097_c|C15811_c|C15812_c
R07473_c	C15800_c|C15801_c
R07475_c	C00013_c|C00129_c|C00353_c|C04217_c
R07481_c	C00019_c|C00021_c|C01902_c|C08830_c
R07483_c	C00005_c|C00006_c|C00080_c|C11508_c|C15776_c
R07484_c	C11522_c|C15776_c
R07486_c	C15782_c|C15783_c
R07487_c	C08821_c|C15783_c
R07488_c	C00005_c|C00006_c|C00080_c|C01753_c|C08821_c
R07489_c	C01753_c|C05442_c
R07491_c	C15777_c|C15780_c
R07492_c	C15780_c|C15781_c
R07493_c	C00005_c|C00006_c|C00080_c|C01789_c|C15781_c
R07498_c	C00005_c|C00006_c|C00080_c|C03845_c|C05437_c
R07499_c	C00005_c|C00006_c|C00080_c|C05108_c|C15915_c
R07500_c	C00011_c|C00013_c|C00544_c|C05427_c|C15882_c
R07501_c	C00019_c|C00021_c|C15882_c|C15883_c
R07502_c	C02483_c|C15883_c
R07503_c	C14151_c|C15882_c
R07504_c	C00019_c|C00021_c|C14151_c|C14152_c
R07507_c	C00005_c|C00006_c|C00080_c|C01164_c|C05107_c
R07509_c	C00001_c|C00005_c|C00006_c|C00007_c|C00080_c|C05108_c|C15808_c
R07530_c	C05433_c|C08590_c
R07531_c	C08590_c|C08601_c
R07554_c	C15935_c|C15937_c
R07556_c	C15940_c|C15941_c
R07558_c	C02094_c|C08591_c
R07559_c	C06098_c|C08591_c
R07561_c	C08592_c|C15965_c
R07562_c	C08592_c|C15966_c
R07568_c	C08583_c|C15967_c
R07569_c	C15965_c|C15968_c
R07570_c	C15966_c|C15968_c
R07572_c	C08580_c|C15967_c
R07599_c	C00011_c|C00068_c|C00141_c|C15976_c
R07600_c	C00068_c|C15972_c|C15976_c|C15977_c
R07601_c	C00011_c|C00068_c|C00233_c|C15974_c
R07602_c	C00068_c|C15972_c|C15974_c|C15975_c
R07603_c	C00011_c|C00068_c|C00671_c|C15978_c
R07604_c	C00068_c|C15972_c|C15978_c|C15979_c
R07613_c	C00001_c|C00025_c|C00026_c|C00666_c|C03972_c
R07618_m	C00003_m|C00004_m|C00080_m|C15972_m|C15973_m
R07641_c	C00002_c|C00008_c|C00009_c|C00014_c|C00169_c|C00288_c
R07672_c	C00096_c|C15925_c
R07673_c	C02280_c|C15925_c
R07674_c	C00001_c|C00009_c|C01825_c|C15926_c
R07675_c	C00003_c|C00004_c|C00080_c|C01115_c|C01825_c
R07677_c	C00001_c|C14899_c|C16186_c
R07678_c	C00009_c|C00035_c|C02280_c|C15926_c
R07679N_c	C00072_c|C00080_c|C00125_c|C00126_c|C05422_c
R07687_c	C00007_c|C00080_c|C05359_c|C14315_c|C16205_c
R07688_c	C00080_c|C16205_c|C16206_c
R07697_c	C00001_c|C00007_c|C00146_c|C16200_c
R07700_c	C00007_c|C00014_c|C00090_c|C00292_c
R07706_c	C00007_c|C00088_c|C00090_c|C06813_c
R07730_c	C00632_c|C16235_c
R07759_c	C00005_c|C00006_c|C00080_c|C16216_c|C16217_c
R07760_c	C00001_c|C16217_c|C16218_c
R07761_c	C00005_c|C00006_c|C00080_c|C00412_c|C16218_c
R07762_c	C00011_c|C00229_c|C01209_c|C05764_c|C16219_c
R07763_c	C00005_c|C00006_c|C00080_c|C16219_c|C16220_c
R07764_c	C00001_c|C16220_c|C16221_c
R07765_c	C00003_c|C00004_c|C00080_c|C04088_c|C16221_c
R07766_c	C00229_c|C05752_c|C16236_c|C16240_c
R07767_c	C00019_c|C00073_c|C00087_c|C05198_c|C16236_c|C16237_c
R07768_c	C00019_c|C00073_c|C00087_c|C05198_c|C05752_c|C16239_c
R07769_c	C00229_c|C16237_c|C16239_c|C16240_c
R07779_c	C00001_c|C00005_c|C00006_c|C00007_c|C00080_c|C01326_c|C04178_c|C16248_c
R07791_c	C15797_c|C15800_c
R07804_c	C00080_c|C07717_c|C07721_c
R07807_c	C00001_c|C00124_c|G06780_c|G13032_c
R07809_c	C00001_c|C01132_c|G08421_c|G13033_c
R07810_c	C00001_c|C01132_c|G06780_c|G08421_c
R07815_c	C00010_c|C00024_c|G13037_c|G13038_c
R07816_c	C00001_c|C00140_c|G13038_c|G13039_c
R07826_c	C00811_c|C01197_c
R07840_c	C08586_c|C16276_c
R07850_c	C05433_c|C15981_c
R07851_c	C08601_c|C15981_c
R07855_c	C00001_c|C00014_c|C07086_c|C16074_c
R07856_c	C05434_c|C16291_c
R07863_c	C00001_c|C04672_c|C04785_c
R07864_c	C00007_c|C06427_c|C16321_c
R07865_c	C00001_c|C16321_c|C16324_c
R07868_c	C16321_c|C16322_c|C16323_c
R07869_c	C00007_c|C04785_c|C06427_c
R07870_c	C04785_c|C16310_c|C16311_c
R07874_c	C00015_c|C00029_c|C08725_c|C12137_c
R07887_c	C00002_c|C00010_c|C00013_c|C00020_c|C04780_c|C16327_c
R07888_c	C00016_c|C01352_c|C16327_c|C16328_c
R07889_c	C00001_c|C16328_c|C16329_c
R07890_c	C00003_c|C00004_c|C00080_c|C16329_c|C16330_c
R07891_c	C00010_c|C00024_c|C16330_c|C16331_c
R07892_c	C00016_c|C01352_c|C16331_c|C16332_c
R07893_c	C00001_c|C16332_c|C16333_c
R07894_c	C00003_c|C00004_c|C00080_c|C16333_c|C16334_c
R07895_c	C00010_c|C00024_c|C16334_c|C16335_c
R07896_c	C00016_c|C01352_c|C16335_c|C16336_c
R07897_c	C00001_c|C16336_c|C16337_c
R07898_c	C00003_c|C00004_c|C00080_c|C16337_c|C16338_c
R07899_c	C00010_c|C00024_c|C16338_c|C16339_c
R07911_c	C00015_c|C00029_c|C12138_c|C16312_c
R07916_c	C00353_c|C05413_c
R07924_c	C08641_c|C16354_c
R07934_c	C00016_c|C01352_c|C16168_c|C16374_c
R07942_c	C00001_c|C00007_c|C00027_c|C16358_c|C16359_c
R07950_c	C00016_c|C01352_c|C16172_c|C16387_c
R07977_c	C00001_c|C00007_c|C00027_c|C13747_c|C16356_c
R07978_c	C00001_c|C00007_c|C00027_c|C07480_c|C16360_c
R07979_c	C00001_c|C00007_c|C00027_c|C16353_c|C16355_c
R07981_c	C00001_c|C00007_c|C00011_c|C00027_c|C16361_c|C16362_c
R07987_c	C00010_c|C00011_c|C00083_c|C00540_c|C16404_c
R07988_c	C00010_c|C00011_c|C00083_c|C00323_c|C15525_c
R07989_c	C00010_c|C00011_c|C00083_c|C00406_c|C16405_c
R07990_c	C09827_c|C16404_c
R07993_c	C00007_c|C00011_c|C00026_c|C00042_c|C09826_c|C09827_c
R07995_c	C08578_c|C09614_c
R07996_c	C00007_c|C00011_c|C00026_c|C00042_c|C09751_c|C09762_c
R07997_c	C00007_c|C00011_c|C00026_c|C00042_c|C01378_c|C09614_c
R07998_c	C00005_c|C00006_c|C00080_c|C09751_c|C16415_c
R07999_c	C00005_c|C00006_c|C00080_c|C01378_c|C09736_c
R08002_c	C00001_c|C00005_c|C00006_c|C00007_c|C00080_c|C09614_c|C09762_c
R08032_c	C00001_c|C00005_c|C00006_c|C00007_c|C00080_c|C01378_c|C09751_c
R08051_c	C00002_c|C00013_c|C00235_c|C16424_c
R08052_c	C00008_c|C00013_c|C00235_c|C16426_c
R08053_c	C00001_c|C00007_c|C03024_c|C03161_c|C16424_c|C16428_c
R08054_c	C00001_c|C00007_c|C03024_c|C03161_c|C16426_c|C16429_c
R08055_c	C00001_c|C00007_c|C03024_c|C03161_c|C04713_c|C16430_c
R08075_c	C00015_c|C00029_c|C00371_c|C16443_c
R08076_c	C00015_c|C00029_c|C02029_c|C16448_c
R08082_c	C00001_c|C00007_c|C00011_c|C00026_c|C00042_c|C09826_c|C10044_c
R08091_c	C00010_c|C00024_c|C16466_c|C16470_c
R08092_c	C00016_c|C01352_c|C16468_c|C16470_c
R08093_c	C00001_c|C16468_c|C16469_c
R08095_c	C00010_c|C00024_c|C03069_c|C16471_c
R08105_c	C00003_c|C00004_c|C00080_c|C16473_c|C16483_c
R08120_c	C00001_c|C02222_c|C16477_c|C16487_c
R08121_c	C00001_c|C02222_c|C16476_c|C16487_c
R08122_c	C00080_c|C00090_c|C16482_c
R08123_c	C00008_c|C16472_c|C16481_c
R08143_c	C02633_c|C16500_c
R08157_c	C00001_c|C00229_c|C05752_c|C06423_c
R08158_c	C00001_c|C00229_c|C01571_c|C05755_c
R08159_c	C00001_c|C00229_c|C05761_c|C06424_c
R08160_c	C00001_c|C00005_c|C00006_c|C00007_c|C00008_c|C00011_c|C00078_c|C02937_c
R08161_c	C00001_c|C00007_c|C00028_c|C00030_c|C05764_c|C16520_c
R08162_c	C00001_c|C00229_c|C08362_c|C16520_c
R08163_c	C00001_c|C00229_c|C01530_c|C04088_c
R08164_c	C00015_c|C00029_c|C16516_c|C16517_c
R08165_c	C00011_c|C00026_c|C00885_c|C16519_c
R08174_c	C00001_c|C00010_c|C00412_c|C01530_c
R08175_c	C00001_c|C00010_c|C02041_c|C06425_c
R08176_c	C00001_c|C00010_c|C00510_c|C00712_c
R08177_c	C00001_c|C00010_c|C01595_c|C02050_c
R08178_c	C00001_c|C00010_c|C06427_c|C16162_c
R08179_c	C00001_c|C00010_c|C06428_c|C16165_c
R08180_c	C00001_c|C00010_c|C06429_c|C16169_c
R08181_c	C00001_c|C00010_c|C03035_c|C06426_c
R08182_c	C00001_c|C00010_c|C03242_c|C03595_c
R08183_c	C00001_c|C00010_c|C00219_c|C02249_c
R08184_c	C00001_c|C00010_c|C08281_c|C16528_c
R08185_c	C00001_c|C00010_c|C08320_c|C16529_c
R08186_c	C00001_c|C00010_c|C16526_c|C16530_c
R08187_c	C00001_c|C00010_c|C08316_c|C16531_c
R08188_c	C00001_c|C00010_c|C08323_c|C16532_c
R08189_c	C00001_c|C00010_c|C16166_c|C16513_c
R08190_c	C00001_c|C00010_c|C16180_c|C16525_c
R08191_c	C00001_c|C00010_c|C16170_c|C16527_c
R08192_c	C00001_c|C00010_c|C16179_c|C16522_c
R08193_c	C00357_c|C04501_c
R08203_c	C00001_c|C00005_c|C00006_c|C00007_c|C00080_c|C02139_c|C16540_c
R08204_c	C00001_c|C00005_c|C00006_c|C00007_c|C00080_c|C16540_c|C16541_c
R08218_c	C00002_c|C00008_c|C00013_c|C00020_c|C00065_c|C06481_c|C16636_c
R08221_c	C00001_c|C00014_c|C12739_c|C16635_c
R08227_c	C00001_c|C16630_c|C16631_c
R08228_c	C00001_c|C00011_c|C00014_c|C16631_c|C16632_c
R08231_c	C00013_c|C00119_c|C07649_c|C16634_c
R08233_c	C00002_c|C00008_c|C04242_c|C11736_c
R08235_c	C00001_c|C00007_c|C00027_c|C02380_c|C16613_c
R08237_c	C00013_c|C00119_c|C02380_c|C04646_c
R08238_c	C00013_c|C00119_c|C16614_c|C16615_c
R08240_c	C00001_c|C00003_c|C00004_c|C00080_c|C04646_c|C16618_c
R08243_c	C00001_c|C00013_c|C04646_c|C16617_c
R08244_c	C00001_c|C00002_c|C00013_c|C00020_c|C00025_c|C00064_c|C16618_c|C16619_c
R08245_c	C00013_c|C00119_c|C07648_c|C16619_c
R08266_c	C00001_c|C00005_c|C00006_c|C00007_c|C00080_c|C07108_c|C16545_c
R08273_c	C00001_c|C00010_c|C16533_c|C16645_c
R08280_c	C00001_c|C00051_c|C07645_c|C11583_c
R08281_c	C00003_c|C00004_c|C00080_c|C07645_c|C16551_c
R08306_c	C00003_c|C00004_c|C00080_c|C16586_c|C16587_c
R08310_c	C00003_c|C00004_c|C00080_c|C16595_c|C16596_c
R08359_c	C00170_c|C01137_c|C01672_c|C16565_c
R08363_c	C00001_c|C03723_c|C04232_c|C16663_c|C16664_c
R08364_c	C00001_c|C02090_c|C03170_c|C03723_c|C04232_c
R08379_c	C00005_c|C00006_c|C00080_c|C00376_c|C00473_c
R08383_c	C00005_c|C00006_c|C00080_c|C16681_c|C16682_c
R08469_c	C00019_c|C00021_c|C01573_c|C16720_c
R08549_c	C00003_c|C00004_c|C00010_c|C00011_c|C00026_c|C00091_c
R08558_c	C00005_c|C00006_c|C00008_c|C00114_c|C00576_c
R08579_c	C06604_c|C06606_c
R08589_c	C00080_c|C17017_c|C17018_c
R08604_c	C00001_c|C00005_c|C00006_c|C00007_c|C00398_c|C17203_c
R08605_c	C02937_c|C17203_c
R08609_c	C00008_c|C00463_c|C00954_c
R08618_c	C00073_c|C00151_c|C00161_c|C01180_c
R08661_c	C00015_c|C00029_c|C17239_c|C17240_c
R08668_c	C00015_c|C00029_c|C17243_c|C17244_c
R08687_c	C00015_c|C00029_c|C17259_c|C17261_c
R08691_c	C00013_c|C00448_c|C17277_c
R08694_c	C00470_c|C04810_c
R08695_c	C00013_c|C00448_c|C09666_c
R08696_c	C00013_c|C00448_c|C09665_c
R08707_c	C00001_c|C00008_c|C01239_c|C02871_c|C04375_c
R08714_c	C00022_c|C00041_c|C00134_c|C00555_c
R08748_c	C00013_c|C00129_c|C11356_c|C17435_c
R08749_c	C00013_c|C00129_c|C17434_c|C17435_c
R08750_c	C00013_c|C00129_c|C17434_c|C17436_c
R08751_c	C00013_c|C00129_c|C17436_c|C17437_c
R08752_c	C00013_c|C00129_c|C17437_c|C17438_c
R08753_c	C00013_c|C00129_c|C04509_c|C17438_c
R08766_c	C00001_c|C00811_c|C03672_c
R08782_c	C00008_c|C00011_c|C00013_c|C00544_c|C04145_c|C17570_c
R08815_c	C00001_c|C00005_c|C00006_c|C00007_c|C00080_c|C00223_c|C00540_c
R08839_c	C00015_c|C00029_c|C01494_c|C17759_c
R08844_c	C00002_c|C00008_c|C01298_c|C11351_c
R08900_c	C00015_c|C00043_c|C01759_c|C17587_c
R08914_c	C00003_c|C00004_c|C00080_c|C16540_c|C16541_c
R08915_c	C00005_c|C00006_c|C00080_c|C16540_c|C16541_c
R08921_c	C00005_c|C00006_c|C00007_c|C00080_c|C18021_c|C18022_c
R08974_c	C00001_c|C00011_c|C00132_c|C18021_c|C18064_c
R08975_c	C00001_c|C00132_c|C18021_c|C18063_c
R08976_c	C00011_c|C18063_c|C18064_c
R08987_c	C00019_c|C00021_c|C18072_c|C18073_c
R08990_c	C09190_c|C18037_c
REner01_p	C00001_p|C00002_p|C00005_p|C00006_p|C00007_p|C00008_p|C00009_p|C00080_p|hv_p
RN01_c	C01165_c|C03912_c
RN03_c	C00267_c|C00293_c
RN03_p	C00267_p|C00293_p
RN04_m	C00001_m|C00002_m|C00003_m|C00004_m|C00007_m|C00008_m|C00009_m|C00080_m
RN05_m	C00001_m|C00002_m|C00007_m|C00008_m|C00009_m|C00016_m|C01352_m
RN06_c	C00072_c|C01041_c|C05422_c
TCM1	C00022_c|C00022_m
TCM10	C00065_c|C00065_m
TCM11	C00002_c|C00002_m
TCM12	C00008_c|C00008_m
TCM13	C00020_c|C00020_m
TCM16	C00010_c|C00010_m
TCM17	C00011_c|C00011_m
TCM18	C00033_c|C00033_m
TCM19	C00009_c|C00009_m
TCM2	C00149_c|C00149_m
TCM20	C00001_c|C00001_m
TCM21	C00080_c|C00080_m
TCM22	C00064_c|C00064_m
TCM26	C00068_c|C00068_m
TCM27	C00007_c|C00007_m
TCM28	C00014_c|C00014_m
TCM29	C00042_c|C00042_m
TCM3	C00013_c|C00013_m
TCM30	C00311_c|C00311_m
TCM31	C00077_c|C00077_m
TCM32	C00327_c|C00327_m
TCM4	C00158_c|C00158_m
TCM5	C00049_c|C00049_m
TCM6	C00025_c|C00025_m
TCM7	C00036_c|C00036_m
TCM8	C00026_c|C00026_m
TCM9	C00037_c|C00037_m
TCP1	C00267_c|C00267_p
TCP10	C00009_c|C00009_p
TCP11	C00149_c|C00149_p
TCP12	C00036_c|C00036_p
TCP13	C00059_c|C00059_p
TCP14	C00014_c|C00014_p
TCP15	C00088_c|C00088_p
TCP16	C00208_c|C00208_p
TCP17	C00160_c|C00160_p
TCP18	C00026_c|C00026_p
TCP19	C00001_c|C00001_p
TCP2	C00011_c|C00011_p
TCP20	C00002_c|C00002_p
TCP21	C00008_c|C00008_p
TCP22	C00080_c|C00080_p
TCP23	C00025_c|C00025_p
TCP24	C00258_c|C00258_p
TCP25	C00007_c|C00007_p
TCP26	C00013_c|C00013_p
TCP27	C00064_c|C00064_p
TCP29	C00077_c|C00077_p
TCP3	C00022_c|C00022_p
TCP30	C00327_c|C00327_p
TCP31	C00249_c|C00249_p
TCP4	C00074_c|C00074_p
TCP5	C00631_c|C00631_p
TCP6	C00668_c|C00668_p
TCP7	C00118_c|C00118_p
TCP8	C00111_c|C00111_p
TCP9	C00197_c|C00197_p
TCV1	C00059_c|C00059_v
TCV2	C00149_c|C00149_v
TCV3	C00244_c|C00244_v
TCV4	C00089_c|C00089_v
TCV5	C00158_c|C00158_v
TCX1	C00037_c|C00037_x
TCX10	C00013_c|C00013_x
TCX11	C00001_c|C00001_x
TCX12	C00007_c|C00007_x
TCX13	C00258_c|C00258_x
TCX14	C00158_c|C00158_x
TCX15	C00042_c|C00042_x
TCX16	C00311_c|C00311_x
TCX17	C00036_c|C00036_x
TCX18	C00080_c|C00080_x
TCX19	C00010_c|C00010_x
TCX2	C00065_c|C00065_x
TCX3	C00160_c|C00160_x
TCX4	C00026_c|C00026_x
TCX5	C00025_c|C00025_x
TCX6	C00149_c|C00149_x
TCX7	C00249_c|C00249_x
TCX8	C00002_c|C00002_x
TCX9	C00020_c|C00020_x
V0001	C00504_biomass_c|C00504_c
V0002	C00255_biomass_c|C00255_c
V0003	C00120_biomass_c|C00120_c
V0004	C05306_biomass_c|C05306_c
V0005	C00399_biomass_c|C00399_c
V0006	C00378_biomass_c|C00378_c
V0007	C00153_biomass_c|C00153_c
V0008	C00010_biomass_c|C00010_c
